iso3,actor,presence,n
ARE,ARE,,
ARE,BHR,Embassy,
ARE,CHN,Embassy,
ARE,EU,Embassy,
ARE,IND,Embassy,
ARE,IRN,Embassy,
ARE,ISR,Embassy,
ARE,JPN,Embassy,
ARE,KOR,Embassy,
ARE,KWT,Embassy,
ARE,OMN,Embassy,
ARE,QAT,Embassy,
ARE,RUS,Embassy,
ARE,SAU,Embassy,
ARE,TUR,Embassy,
ARE,USA,Embassy,
ARE,all,,15
BHR,ARE,Embassy,
BHR,BHR,,
BHR,CHN,Embassy,
BHR,EU,None,
BHR,IND,Embassy,
BHR,IRN,None,
BHR,ISR,Embassy,
BHR,JPN,None,
BHR,KOR,Embassy,
BHR,KWT,Embassy,
BHR,OMN,Embassy,
BHR,QAT,Embassy,
BHR,RUS,Embassy,
BHR,SAU,Embassy,
BHR,TUR,Embassy,
BHR,USA,Embassy,
BHR,all,,12
IRQ,ARE,Embassy,
IRQ,BHR,Embassy,
IRQ,CHN,Embassy,
IRQ,EU,Embassy,
IRQ,IND,Embassy,
IRQ,IRN,Embassy,
IRQ,ISR,None,
IRQ,JPN,Embassy,
IRQ,KOR,Embassy,
IRQ,KWT,Embassy,
IRQ,OMN,Embassy,
IRQ,QAT,Embassy,
IRQ,RUS,Embassy,
IRQ,SAU,Embassy,
IRQ,TUR,Embassy,
IRQ,USA,Embassy,
IRQ,all,,15
ISR,ARE,Embassy,
ISR,BHR,Embassy,
ISR,CHN,Embassy,
ISR,EU,Embassy,
ISR,IND,Embassy,
ISR,IRN,None,
ISR,ISR,,
ISR,JPN,Embassy,
ISR,KOR,Embassy,
ISR,KWT,None,
ISR,OMN,None,
ISR,QAT,None,
ISR,RUS,Embassy,
ISR,SAU,None,
ISR,TUR,Embassy,
ISR,USA,Embassy,
ISR,all,,10
JOR,ARE,Embassy,
JOR,BHR,Embassy,
JOR,CHN,Embassy,
JOR,EU,Embassy,
JOR,IND,Embassy,
JOR,IRN,Embassy,
JOR,ISR,Embassy,
JOR,JPN,Embassy,
JOR,KOR,Embassy,
JOR,KWT,Embassy,
JOR,OMN,Embassy,
JOR,QAT,Embassy,
JOR,RUS,Embassy,
JOR,SAU,Embassy,
JOR,TUR,Embassy,
JOR,USA,Embassy,
JOR,all,,16
KWT,ARE,Embassy,
KWT,BHR,Embassy,
KWT,CHN,Embassy,
KWT,EU,Embassy,
KWT,IND,Embassy,
KWT,IRN,Embassy,
KWT,ISR,None,
KWT,JPN,Embassy,
KWT,KOR,Embassy,
KWT,KWT,,
KWT,OMN,Embassy,
KWT,QAT,Embassy,
KWT,RUS,Embassy,
KWT,SAU,Embassy,
KWT,TUR,Embassy,
KWT,USA,Embassy,
KWT,all,,14
LBN,ARE,Embassy,
LBN,BHR,Embassy,
LBN,CHN,Embassy,
LBN,EU,Embassy,
LBN,IND,Embassy,
LBN,IRN,Embassy,
LBN,ISR,None,
LBN,JPN,Embassy,
LBN,KOR,Embassy,
LBN,KWT,Embassy,
LBN,OMN,Embassy,
LBN,QAT,Embassy,
LBN,RUS,Embassy,
LBN,SAU,Embassy,
LBN,TUR,Embassy,
LBN,USA,Embassy,
LBN,all,,15
OMN,ARE,Embassy,
OMN,BHR,Embassy,
OMN,CHN,Embassy,
OMN,EU,None,
OMN,IND,Embassy,
OMN,IRN,Embassy,
OMN,ISR,None,
OMN,JPN,Embassy,
OMN,KOR,Embassy,
OMN,KWT,Embassy,
OMN,OMN,,
OMN,QAT,Embassy,
OMN,RUS,Embassy,
OMN,SAU,Embassy,
OMN,TUR,Embassy,
OMN,USA,Embassy,
OMN,all,,13
PSE,ARE,Office,
PSE,BHR,None,
PSE,CHN,Office,
PSE,EU,Office,
PSE,IND,Office,
PSE,IRN,None,
PSE,ISR,None,
PSE,JPN,Office,
PSE,KOR,Office,
PSE,KWT,None,
PSE,OMN,Embassy,
PSE,QAT,Office,
PSE,RUS,Office,
PSE,SAU,None,
PSE,TUR,Consulate,
PSE,USA,None,
PSE,all,,1
QAT,ARE,Embassy,
QAT,BHR,Embassy,
QAT,CHN,Embassy,
QAT,EU,Embassy,
QAT,IND,Embassy,
QAT,IRN,Embassy,
QAT,ISR,None,
QAT,JPN,Embassy,
QAT,KOR,Embassy,
QAT,KWT,Embassy,
QAT,OMN,Embassy,
QAT,QAT,,
QAT,RUS,Embassy,
QAT,SAU,Embassy,
QAT,TUR,Embassy,
QAT,USA,Embassy,
QAT,all,,14
SAU,ARE,Embassy,
SAU,BHR,Embassy,
SAU,CHN,Embassy,
SAU,EU,Embassy,
SAU,IND,Embassy,
SAU,IRN,Embassy,
SAU,ISR,None,
SAU,JPN,Embassy,
SAU,KOR,Embassy,
SAU,KWT,Embassy,
SAU,OMN,Embassy,
SAU,QAT,Embassy,
SAU,RUS,Embassy,
SAU,SAU,,
SAU,TUR,Embassy,
SAU,USA,Embassy,
SAU,all,,14
SYR,ARE,Embassy,
SYR,BHR,Embassy,
SYR,CHN,Embassy,
SYR,EU,Embassy,
SYR,IND,Embassy,
SYR,IRN,Embassy,
SYR,ISR,None,
SYR,JPN,Embassy,
SYR,KOR,None,
SYR,KWT,Embassy,
SYR,OMN,Embassy,
SYR,QAT,Embassy,
SYR,RUS,Embassy,
SYR,SAU,Embassy,
SYR,TUR,Embassy,
SYR,USA,None,
SYR,all,,13
YEM,ARE,None,
YEM,BHR,None,
YEM,CHN,None,
YEM,EU,None,
YEM,IND,None,
YEM,IRN,Embassy,
YEM,ISR,None,
YEM,JPN,None,
YEM,KOR,None,
YEM,KWT,None,
YEM,OMN,None,
YEM,QAT,None,
YEM,RUS,None,
YEM,SAU,Embassy,
YEM,TUR,Embassy,
YEM,USA,None,
YEM,all,,3
