iso3,name,kind,subregion,x,y,abs_all,abs_1621,abs_2226,rus_all,rus_1621,rus_2226
BDI,Burundi,country,Central Africa,15,16,0.28,0,0.4667,0.64,0.8,0.5333
CMR,Cameroon,country,Central Africa,14,15,0.52,0.8,0.3333,0,0,0
CAF,Central African Republic,country,Central Africa,16,14,0.56,0.3,0.7333,0.16,0,0.2667
TCD,Chad,country,Central Africa,14,13,0.28,0.5,0.1333,0.04,0.1,0
COG,Congo,country,Central Africa,14,16,0.56,0.2,0.8,0.04,0,0.0667
COD,Democratic Republic of The Congo,country,Central Africa,15,15,0.08,0.1,0.0667,0,0,0
GNQ,Equatorial Guinea,country,Central Africa,13,16,0.4,0.4,0.4,0.08,0,0.1333
GAB,Gabon,country,Central Africa,14,17,0.56,0.6,0.5333,0.04,0,0.0667
RWA,Rwanda,country,Central Africa,16,16,0.52,0.6,0.4667,0,0,0
STP,São Tomé and Príncipe,country,Central Africa,11,16,0.24,0.5,0.0667,0,0,0
DJI,Djibouti,country,East Africa and the Horn of Africa,17,13,0.4,0.4,0.4,0,0,0
ERI,Eritrea,country,East Africa and the Horn of Africa,16,13,0.2,0.3,0.1333,0.8,0.7,0.8667
ETH,Ethiopia,country,East Africa and the Horn of Africa,17,14,0.76,0.8,0.7333,0.2,0.2,0.2
KEN,Kenya,country,East Africa and the Horn of Africa,17,15,0.56,0.7,0.4667,0,0,0
SOM,Somalia,country,East Africa and the Horn of Africa,18,14,0.16,0.4,0,0,0,0
SSD,South Sudan,country,East Africa and the Horn of Africa,15,13,0.28,0.2,0.3333,0.08,0.2,0
SDN,Sudan,country,East Africa and the Horn of Africa,16,12,0.28,0,0.4667,0.68,0.9,0.5333
UGA,Uganda,country,East Africa and the Horn of Africa,16,15,0.76,0.4,1,0.16,0.4,0
TZA,United Republic of Tanzania,country,East Africa and the Horn of Africa,17,16,0.8,0.7,0.8667,0,0,0
DZA,Algeria,country,North Africa,13,11,0.96,1,0.9333,0.04,0,0.0667
EGY,Egypt,country,North Africa,16,11,0.76,1,0.6,0,0,0
LBY,Libya,country,North Africa,15,11,0.76,0.9,0.6667,0,0,0
MAR,Morocco,country,North Africa,12,11,0,,0,0,,0
TUN,Tunisia,country,North Africa,14,11,0.52,0.5,0.5333,0,0,0
AGO,Angola,country,Southern Africa and Indian Ocean,13,17,0.8,0.6,0.9333,0.08,0.2,0
BWA,Botswana,country,Southern Africa and Indian Ocean,15,18,0.56,0.3,0.7333,0,0,0
COM,Comoros,country,Southern Africa and Indian Ocean,18,18,0.16,0.3,0.0667,0.16,0.4,0
SWZ,Eswatini,country,Southern Africa and Indian Ocean,16,19,0.28,0.1,0.4,0,0,0
LSO,Lesotho,country,Southern Africa and Indian Ocean,17,19,0.56,0.5,0.6,0,0,0
MDG,Madagascar,country,Southern Africa and Indian Ocean,19,19,0.48,0.4,0.5333,0,0,0
MWI,Malawi,country,Southern Africa and Indian Ocean,15,17,0.32,0.6,0.1333,0,0,0
MUS,Mauritius,country,Southern Africa and Indian Ocean,19,20,0.4,0.4,0.4,0,0,0
MOZ,Mozambique,country,Southern Africa and Indian Ocean,16,17,0.96,0.9,1,0,0,0
NAM,Namibia,country,Southern Africa and Indian Ocean,15,19,1,1,1,0,0,0
SYC,Seychelles,country,Southern Africa and Indian Ocean,18,17,0.28,0.5,0.1333,0,0,0
ZAF,South Africa,country,Southern Africa and Indian Ocean,16,20,0.76,0.6,0.8667,0.12,0.3,0
ZMB,Zambia,country,Southern Africa and Indian Ocean,14,18,0.4,0.6,0.2667,0,0,0
ZWE,Zimbabwe,country,Southern Africa and Indian Ocean,16,18,0.36,0,0.6,0.64,1,0.4
BEN,Benin,country,West Africa,15,14,0.44,0.8,0.2,0,0,0
BFA,Burkina Faso,country,West Africa,13,13,0,,0,0.24,,0.4
CPV,Cape Verde,country,West Africa,10,15,0.28,0.6,0.0667,0,0,0
CIV,Côte D’Ivoire,country,West Africa,12,15,0.52,0.9,0.2667,0,0,0
GMB,Gambia,country,West Africa,12,12,0.4,0.3,0.4667,0,0,0
GHA,Ghana,country,West Africa,13,14,0.6,0.8,0.4667,0,0,0
GIN,Guinea,country,West Africa,11,14,0.68,0.7,0.6667,0.04,0.1,0
GNB,Guinea-Bissau,country,West Africa,11,13,0.52,0.5,0.5333,0,0,0
LBR,Liberia,country,West Africa,12,14,0,0,0,0,0,0
MLI,Mali,country,West Africa,14,12,0.4,0.7,0.2,0.56,0.2,0.8
MRT,Mauritania,country,West Africa,11,12,0.64,0.7,0.6,0,0,0
NER,Niger,country,West Africa,15,12,0.28,0.5,0.1333,0.28,0,0.4667
NGA,Nigeria,country,West Africa,13,15,0.72,1,0.5333,0,0,0
SEN,Senegal,country,West Africa,13,12,0.64,0.6,0.6667,0,0,0
SLE,Sierra Leone,country,West Africa,12,13,0.32,0.3,0.3333,0,0,0
TGO,Togo,country,West Africa,14,14,0.88,0.9,0.8667,0,0,0
EU,EU,actor,,11.5,23,0.003,0,0.0049,0.0015,0,0.0025
CHN,China,actor,,12.5,23,0.4,0.1,0.6,0.6,0.9,0.4
RUS,Russia,actor,,13.5,23,0,0,0,1,1,1
IND,India,actor,,14.5,23,0.76,0.4,1,0.24,0.6,0
JPN,Japan,actor,,15.5,23,0,0,0,0,0,0
KOR,South Korea,actor,,16.5,23,0.36,0.9,0,0,0,0
IRN,Iran,actor,,17.5,23,0.24,0,0.4,0.72,1,0.5333
