iso3,actor,n
AGO,ARE,1
AGO,BHR,0
AGO,CHN,1
AGO,EU,2
AGO,IND,0
AGO,IRN,0
AGO,ISR,0
AGO,JPN,2
AGO,KOR,0
AGO,KWT,0
AGO,OMN,0
AGO,QAT,0
AGO,RUS,1
AGO,SAU,0
AGO,TUR,1
AGO,USA,3
AGO,all,11
BDI,ARE,0
BDI,BHR,0
BDI,CHN,1
BDI,EU,0
BDI,IND,0
BDI,IRN,0
BDI,ISR,0
BDI,JPN,0
BDI,KOR,0
BDI,KWT,0
BDI,OMN,0
BDI,QAT,0
BDI,RUS,1
BDI,SAU,0
BDI,TUR,0
BDI,USA,0
BDI,all,2
BEN,ARE,0
BEN,BHR,0
BEN,CHN,1
BEN,EU,1
BEN,IND,0
BEN,IRN,0
BEN,ISR,0
BEN,JPN,0
BEN,KOR,0
BEN,KWT,0
BEN,OMN,0
BEN,QAT,0
BEN,RUS,0
BEN,SAU,0
BEN,TUR,1
BEN,USA,0
BEN,all,3
BFA,ARE,0
BFA,BHR,0
BFA,CHN,1
BFA,EU,0
BFA,IND,0
BFA,IRN,0
BFA,ISR,0
BFA,JPN,0
BFA,KOR,0
BFA,KWT,0
BFA,OMN,0
BFA,QAT,0
BFA,RUS,1
BFA,SAU,0
BFA,TUR,0
BFA,USA,0
BFA,all,2
BWA,ARE,0
BWA,BHR,0
BWA,CHN,1
BWA,EU,1
BWA,IND,0
BWA,IRN,0
BWA,ISR,0
BWA,JPN,0
BWA,KOR,0
BWA,KWT,0
BWA,OMN,0
BWA,QAT,0
BWA,RUS,0
BWA,SAU,0
BWA,TUR,0
BWA,USA,0
BWA,all,2
CAF,ARE,0
CAF,BHR,0
CAF,CHN,0
CAF,EU,0
CAF,IND,0
CAF,IRN,0
CAF,ISR,0
CAF,JPN,0
CAF,KOR,0
CAF,KWT,0
CAF,OMN,0
CAF,QAT,0
CAF,RUS,0
CAF,SAU,0
CAF,TUR,0
CAF,USA,0
CAF,all,0
CIV,ARE,0
CIV,BHR,0
CIV,CHN,1
CIV,EU,2
CIV,IND,0
CIV,IRN,0
CIV,ISR,1
CIV,JPN,1
CIV,KOR,0
CIV,KWT,0
CIV,OMN,0
CIV,QAT,0
CIV,RUS,0
CIV,SAU,0
CIV,TUR,0
CIV,USA,1
CIV,all,6
CMR,ARE,0
CMR,BHR,0
CMR,CHN,0
CMR,EU,0
CMR,IND,0
CMR,IRN,0
CMR,ISR,0
CMR,JPN,0
CMR,KOR,0
CMR,KWT,0
CMR,OMN,0
CMR,QAT,0
CMR,RUS,0
CMR,SAU,0
CMR,TUR,0
CMR,USA,0
CMR,all,0
COD,ARE,0
COD,BHR,0
COD,CHN,1
COD,EU,0
COD,IND,0
COD,IRN,0
COD,ISR,0
COD,JPN,0
COD,KOR,0
COD,KWT,0
COD,OMN,0
COD,QAT,1
COD,RUS,0
COD,SAU,0
COD,TUR,1
COD,USA,1
COD,all,4
COG,ARE,0
COG,BHR,0
COG,CHN,1
COG,EU,0
COG,IND,0
COG,IRN,0
COG,ISR,0
COG,JPN,0
COG,KOR,0
COG,KWT,0
COG,OMN,0
COG,QAT,0
COG,RUS,2
COG,SAU,0
COG,TUR,0
COG,USA,0
COG,all,3
COM,ARE,0
COM,BHR,0
COM,CHN,1
COM,EU,0
COM,IND,0
COM,IRN,0
COM,ISR,0
COM,JPN,0
COM,KOR,0
COM,KWT,0
COM,OMN,0
COM,QAT,0
COM,RUS,0
COM,SAU,0
COM,TUR,0
COM,USA,0
COM,all,1
CPV,ARE,0
CPV,BHR,0
CPV,CHN,0
CPV,EU,0
CPV,IND,0
CPV,IRN,0
CPV,ISR,0
CPV,JPN,0
CPV,KOR,0
CPV,KWT,0
CPV,OMN,0
CPV,QAT,0
CPV,RUS,0
CPV,SAU,0
CPV,TUR,0
CPV,USA,2
CPV,all,2
DJI,ARE,0
DJI,BHR,0
DJI,CHN,1
DJI,EU,2
DJI,IND,0
DJI,IRN,0
DJI,ISR,0
DJI,JPN,0
DJI,KOR,0
DJI,KWT,0
DJI,OMN,0
DJI,QAT,0
DJI,RUS,0
DJI,SAU,0
DJI,TUR,1
DJI,USA,0
DJI,all,4
DZA,ARE,1
DZA,BHR,1
DZA,CHN,1
DZA,EU,2
DZA,IND,0
DZA,IRN,2
DZA,ISR,0
DZA,JPN,0
DZA,KOR,0
DZA,KWT,3
DZA,OMN,3
DZA,QAT,3
DZA,RUS,2
DZA,SAU,2
DZA,TUR,7
DZA,USA,1
DZA,all,28
EGY,ARE,9
EGY,BHR,13
EGY,CHN,4
EGY,EU,15
EGY,IND,2
EGY,IRN,5
EGY,ISR,4
EGY,JPN,4
EGY,KOR,2
EGY,KWT,16
EGY,OMN,5
EGY,QAT,9
EGY,RUS,4
EGY,SAU,10
EGY,TUR,13
EGY,USA,12
EGY,all,127
ERI,ARE,0
ERI,BHR,0
ERI,CHN,2
ERI,EU,0
ERI,IND,0
ERI,IRN,0
ERI,ISR,0
ERI,JPN,0
ERI,KOR,0
ERI,KWT,0
ERI,OMN,0
ERI,QAT,0
ERI,RUS,1
ERI,SAU,0
ERI,TUR,0
ERI,USA,0
ERI,all,3
ETH,ARE,1
ETH,BHR,0
ETH,CHN,3
ETH,EU,7
ETH,IND,2
ETH,IRN,0
ETH,ISR,1
ETH,JPN,2
ETH,KOR,2
ETH,KWT,0
ETH,OMN,0
ETH,QAT,1
ETH,RUS,2
ETH,SAU,1
ETH,TUR,2
ETH,USA,2
ETH,all,26
GAB,ARE,0
GAB,BHR,0
GAB,CHN,1
GAB,EU,0
GAB,IND,0
GAB,IRN,0
GAB,ISR,0
GAB,JPN,0
GAB,KOR,0
GAB,KWT,0
GAB,OMN,0
GAB,QAT,0
GAB,RUS,0
GAB,SAU,0
GAB,TUR,0
GAB,USA,0
GAB,all,1
GHA,ARE,0
GHA,BHR,0
GHA,CHN,0
GHA,EU,3
GHA,IND,1
GHA,IRN,0
GHA,ISR,1
GHA,JPN,1
GHA,KOR,1
GHA,KWT,0
GHA,OMN,0
GHA,QAT,0
GHA,RUS,0
GHA,SAU,0
GHA,TUR,1
GHA,USA,0
GHA,all,8
GIN,ARE,0
GIN,BHR,0
GIN,CHN,0
GIN,EU,0
GIN,IND,0
GIN,IRN,0
GIN,ISR,0
GIN,JPN,0
GIN,KOR,0
GIN,KWT,0
GIN,OMN,0
GIN,QAT,0
GIN,RUS,1
GIN,SAU,0
GIN,TUR,1
GIN,USA,0
GIN,all,2
GMB,ARE,0
GMB,BHR,0
GMB,CHN,1
GMB,EU,0
GMB,IND,0
GMB,IRN,1
GMB,ISR,0
GMB,JPN,0
GMB,KOR,0
GMB,KWT,1
GMB,OMN,0
GMB,QAT,0
GMB,RUS,0
GMB,SAU,0
GMB,TUR,2
GMB,USA,0
GMB,all,5
GNB,ARE,0
GNB,BHR,0
GNB,CHN,0
GNB,EU,0
GNB,IND,0
GNB,IRN,0
GNB,ISR,0
GNB,JPN,0
GNB,KOR,0
GNB,KWT,0
GNB,OMN,0
GNB,QAT,0
GNB,RUS,0
GNB,SAU,0
GNB,TUR,1
GNB,USA,0
GNB,all,1
GNQ,ARE,0
GNQ,BHR,0
GNQ,CHN,0
GNQ,EU,0
GNQ,IND,0
GNQ,IRN,0
GNQ,ISR,0
GNQ,JPN,0
GNQ,KOR,0
GNQ,KWT,0
GNQ,OMN,0
GNQ,QAT,0
GNQ,RUS,0
GNQ,SAU,0
GNQ,TUR,1
GNQ,USA,0
GNQ,all,1
KEN,ARE,0
KEN,BHR,0
KEN,CHN,2
KEN,EU,5
KEN,IND,1
KEN,IRN,1
KEN,ISR,1
KEN,JPN,3
KEN,KOR,0
KEN,KWT,0
KEN,OMN,0
KEN,QAT,1
KEN,RUS,1
KEN,SAU,0
KEN,TUR,0
KEN,USA,1
KEN,all,16
LBR,ARE,0
LBR,BHR,0
LBR,CHN,0
LBR,EU,0
LBR,IND,0
LBR,IRN,0
LBR,ISR,0
LBR,JPN,0
LBR,KOR,0
LBR,KWT,0
LBR,OMN,0
LBR,QAT,0
LBR,RUS,0
LBR,SAU,0
LBR,TUR,0
LBR,USA,0
LBR,all,0
LBY,ARE,0
LBY,BHR,0
LBY,CHN,0
LBY,EU,2
LBY,IND,0
LBY,IRN,0
LBY,ISR,0
LBY,JPN,0
LBY,KOR,0
LBY,KWT,1
LBY,OMN,0
LBY,QAT,1
LBY,RUS,0
LBY,SAU,0
LBY,TUR,5
LBY,USA,0
LBY,all,9
LSO,ARE,0
LSO,BHR,0
LSO,CHN,1
LSO,EU,0
LSO,IND,0
LSO,IRN,0
LSO,ISR,0
LSO,JPN,0
LSO,KOR,0
LSO,KWT,0
LSO,OMN,0
LSO,QAT,0
LSO,RUS,0
LSO,SAU,0
LSO,TUR,0
LSO,USA,0
LSO,all,1
MAR,ARE,2
MAR,BHR,8
MAR,CHN,1
MAR,EU,3
MAR,IND,0
MAR,IRN,0
MAR,ISR,1
MAR,JPN,0
MAR,KOR,0
MAR,KWT,2
MAR,OMN,0
MAR,QAT,0
MAR,RUS,2
MAR,SAU,2
MAR,TUR,1
MAR,USA,1
MAR,all,23
MDG,ARE,0
MDG,BHR,0
MDG,CHN,0
MDG,EU,0
MDG,IND,0
MDG,IRN,0
MDG,ISR,0
MDG,JPN,1
MDG,KOR,0
MDG,KWT,0
MDG,OMN,0
MDG,QAT,0
MDG,RUS,0
MDG,SAU,0
MDG,TUR,0
MDG,USA,0
MDG,all,1
MLI,ARE,0
MLI,BHR,0
MLI,CHN,0
MLI,EU,1
MLI,IND,0
MLI,IRN,1
MLI,ISR,0
MLI,JPN,0
MLI,KOR,0
MLI,KWT,0
MLI,OMN,0
MLI,QAT,0
MLI,RUS,1
MLI,SAU,0
MLI,TUR,1
MLI,USA,0
MLI,all,4
MOZ,ARE,0
MOZ,BHR,0
MOZ,CHN,0
MOZ,EU,2
MOZ,IND,1
MOZ,IRN,0
MOZ,ISR,0
MOZ,JPN,2
MOZ,KOR,0
MOZ,KWT,0
MOZ,OMN,0
MOZ,QAT,0
MOZ,RUS,1
MOZ,SAU,0
MOZ,TUR,0
MOZ,USA,0
MOZ,all,6
MRT,ARE,0
MRT,BHR,0
MRT,CHN,0
MRT,EU,2
MRT,IND,0
MRT,IRN,1
MRT,ISR,0
MRT,JPN,0
MRT,KOR,0
MRT,KWT,1
MRT,OMN,1
MRT,QAT,0
MRT,RUS,1
MRT,SAU,1
MRT,TUR,0
MRT,USA,0
MRT,all,7
MUS,ARE,0
MUS,BHR,0
MUS,CHN,0
MUS,EU,0
MUS,IND,4
MUS,IRN,0
MUS,ISR,0
MUS,JPN,1
MUS,KOR,0
MUS,KWT,0
MUS,OMN,0
MUS,QAT,0
MUS,RUS,0
MUS,SAU,0
MUS,TUR,0
MUS,USA,0
MUS,all,5
MWI,ARE,0
MWI,BHR,0
MWI,CHN,0
MWI,EU,0
MWI,IND,0
MWI,IRN,0
MWI,ISR,0
MWI,JPN,0
MWI,KOR,0
MWI,KWT,0
MWI,OMN,0
MWI,QAT,0
MWI,RUS,0
MWI,SAU,0
MWI,TUR,0
MWI,USA,0
MWI,all,0
NAM,ARE,0
NAM,BHR,0
NAM,CHN,1
NAM,EU,0
NAM,IND,2
NAM,IRN,0
NAM,ISR,0
NAM,JPN,0
NAM,KOR,0
NAM,KWT,0
NAM,OMN,0
NAM,QAT,0
NAM,RUS,0
NAM,SAU,0
NAM,TUR,0
NAM,USA,0
NAM,all,3
NER,ARE,0
NER,BHR,0
NER,CHN,0
NER,EU,1
NER,IND,1
NER,IRN,0
NER,ISR,0
NER,JPN,0
NER,KOR,0
NER,KWT,0
NER,OMN,0
NER,QAT,0
NER,RUS,1
NER,SAU,0
NER,TUR,2
NER,USA,1
NER,all,6
NGA,ARE,0
NGA,BHR,0
NGA,CHN,3
NGA,EU,1
NGA,IND,2
NGA,IRN,0
NGA,ISR,0
NGA,JPN,1
NGA,KOR,0
NGA,KWT,0
NGA,OMN,0
NGA,QAT,1
NGA,RUS,0
NGA,SAU,0
NGA,TUR,1
NGA,USA,2
NGA,all,11
RWA,ARE,0
RWA,BHR,0
RWA,CHN,0
RWA,EU,5
RWA,IND,1
RWA,IRN,0
RWA,ISR,0
RWA,JPN,0
RWA,KOR,1
RWA,KWT,0
RWA,OMN,0
RWA,QAT,4
RWA,RUS,0
RWA,SAU,0
RWA,TUR,1
RWA,USA,1
RWA,all,13
SDN,ARE,0
SDN,BHR,2
SDN,CHN,0
SDN,EU,1
SDN,IND,0
SDN,IRN,0
SDN,ISR,1
SDN,JPN,0
SDN,KOR,0
SDN,KWT,0
SDN,OMN,0
SDN,QAT,1
SDN,RUS,1
SDN,SAU,1
SDN,TUR,1
SDN,USA,1
SDN,all,9
SEN,ARE,0
SEN,BHR,0
SEN,CHN,2
SEN,EU,3
SEN,IND,0
SEN,IRN,0
SEN,ISR,0
SEN,JPN,2
SEN,KOR,0
SEN,KWT,0
SEN,OMN,0
SEN,QAT,0
SEN,RUS,0
SEN,SAU,1
SEN,TUR,3
SEN,USA,2
SEN,all,13
SLE,ARE,0
SLE,BHR,0
SLE,CHN,0
SLE,EU,0
SLE,IND,0
SLE,IRN,0
SLE,ISR,0
SLE,JPN,0
SLE,KOR,0
SLE,KWT,0
SLE,OMN,0
SLE,QAT,0
SLE,RUS,0
SLE,SAU,0
SLE,TUR,0
SLE,USA,0
SLE,all,0
SOM,ARE,0
SOM,BHR,0
SOM,CHN,0
SOM,EU,2
SOM,IND,0
SOM,IRN,0
SOM,ISR,1
SOM,JPN,0
SOM,KOR,0
SOM,KWT,0
SOM,OMN,0
SOM,QAT,1
SOM,RUS,0
SOM,SAU,0
SOM,TUR,0
SOM,USA,0
SOM,all,4
SSD,ARE,0
SSD,BHR,0
SSD,CHN,0
SSD,EU,0
SSD,IND,0
SSD,IRN,0
SSD,ISR,0
SSD,JPN,1
SSD,KOR,0
SSD,KWT,0
SSD,OMN,0
SSD,QAT,0
SSD,RUS,0
SSD,SAU,0
SSD,TUR,0
SSD,USA,0
SSD,all,1
STP,ARE,0
STP,BHR,0
STP,CHN,0
STP,EU,0
STP,IND,0
STP,IRN,0
STP,ISR,0
STP,JPN,0
STP,KOR,0
STP,KWT,0
STP,OMN,0
STP,QAT,0
STP,RUS,0
STP,SAU,0
STP,TUR,0
STP,USA,0
STP,all,0
SWZ,ARE,0
SWZ,BHR,0
SWZ,CHN,0
SWZ,EU,0
SWZ,IND,0
SWZ,IRN,0
SWZ,ISR,0
SWZ,JPN,0
SWZ,KOR,0
SWZ,KWT,0
SWZ,OMN,0
SWZ,QAT,0
SWZ,RUS,1
SWZ,SAU,0
SWZ,TUR,0
SWZ,USA,0
SWZ,all,1
SYC,ARE,1
SYC,BHR,0
SYC,CHN,1
SYC,EU,0
SYC,IND,2
SYC,IRN,0
SYC,ISR,0
SYC,JPN,0
SYC,KOR,0
SYC,KWT,0
SYC,OMN,0
SYC,QAT,0
SYC,RUS,0
SYC,SAU,0
SYC,TUR,0
SYC,USA,0
SYC,all,4
TCD,ARE,0
TCD,BHR,0
TCD,CHN,1
TCD,EU,1
TCD,IND,0
TCD,IRN,0
TCD,ISR,1
TCD,JPN,0
TCD,KOR,0
TCD,KWT,0
TCD,OMN,0
TCD,QAT,0
TCD,RUS,1
TCD,SAU,0
TCD,TUR,0
TCD,USA,0
TCD,all,4
TGO,ARE,0
TGO,BHR,0
TGO,CHN,1
TGO,EU,0
TGO,IND,0
TGO,IRN,0
TGO,ISR,0
TGO,JPN,0
TGO,KOR,0
TGO,KWT,0
TGO,OMN,0
TGO,QAT,0
TGO,RUS,0
TGO,SAU,0
TGO,TUR,2
TGO,USA,0
TGO,all,3
TUN,ARE,1
TUN,BHR,1
TUN,CHN,1
TUN,EU,5
TUN,IND,1
TUN,IRN,0
TUN,ISR,0
TUN,JPN,2
TUN,KOR,0
TUN,KWT,4
TUN,OMN,0
TUN,QAT,2
TUN,RUS,2
TUN,SAU,4
TUN,TUR,1
TUN,USA,0
TUN,all,24
TZA,ARE,0
TZA,BHR,0
TZA,CHN,2
TZA,EU,0
TZA,IND,1
TZA,IRN,1
TZA,ISR,0
TZA,JPN,0
TZA,KOR,0
TZA,KWT,0
TZA,OMN,0
TZA,QAT,0
TZA,RUS,0
TZA,SAU,0
TZA,TUR,0
TZA,USA,0
TZA,all,4
UGA,ARE,0
UGA,BHR,1
UGA,CHN,0
UGA,EU,0
UGA,IND,2
UGA,IRN,2
UGA,ISR,0
UGA,JPN,1
UGA,KOR,0
UGA,KWT,0
UGA,OMN,0
UGA,QAT,0
UGA,RUS,1
UGA,SAU,0
UGA,TUR,0
UGA,USA,0
UGA,all,7
ZAF,ARE,3
ZAF,BHR,0
ZAF,CHN,4
ZAF,EU,5
ZAF,IND,4
ZAF,IRN,2
ZAF,ISR,0
ZAF,JPN,5
ZAF,KOR,3
ZAF,KWT,0
ZAF,OMN,0
ZAF,QAT,1
ZAF,RUS,3
ZAF,SAU,0
ZAF,TUR,3
ZAF,USA,1
ZAF,all,34
ZMB,ARE,0
ZMB,BHR,0
ZMB,CHN,0
ZMB,EU,1
ZMB,IND,0
ZMB,IRN,0
ZMB,ISR,1
ZMB,JPN,1
ZMB,KOR,1
ZMB,KWT,0
ZMB,OMN,0
ZMB,QAT,0
ZMB,RUS,0
ZMB,SAU,0
ZMB,TUR,0
ZMB,USA,0
ZMB,all,4
ZWE,ARE,0
ZWE,BHR,0
ZWE,CHN,1
ZWE,EU,0
ZWE,IND,0
ZWE,IRN,1
ZWE,ISR,0
ZWE,JPN,0
ZWE,KOR,0
ZWE,KWT,0
ZWE,OMN,0
ZWE,QAT,0
ZWE,RUS,0
ZWE,SAU,0
ZWE,TUR,1
ZWE,USA,0
ZWE,all,3
