iso3,name,kind,subregion,x,y,eu_all,eu_1622,eu_2326,abs_all,abs_1622,abs_2326,nv_all,nv_1622,nv_2326,isr_all,isr_1622,isr_2326
BHR,Bahrain,country,Gulf,3,2,0.5542,0.5,0.6125,0,0,0,0,0,0,0,0,0
KWT,Kuwait,country,Gulf,2,1,0.5542,0.5,0.6125,0,0,0,0,0,0,0,0,0
OMN,Oman,country,Gulf,2,3,0.5542,0.5,0.6125,0,0,0,0,0,0,0,0,0
QAT,Qatar,country,Gulf,2,2,0.5755,0.5385,0.6125,0,0,0,0.037,0.0714,0,0,0,0
SAU,Saudi Arabia,country,Gulf,1,2,0.5542,0.5,0.6125,0,0,0,0,0,0,0,0,0
ARE,United Arab Emirates,country,Gulf,3,3,0.5542,0.5,0.6125,0,0,0,0,0,0,0,0,0
IRQ,Iraq,country,Middle East,2,0,0.5542,0.5,0.6125,0,0,0,0,0,0,0,0,0
ISR,Israel,country,Middle East,0,1,0.0151,0,0.0313,0,0,0,0,0,0,1,1,1
JOR,Jordan,country,Middle East,1,1,0.5542,0.5,0.6125,0,0,0,0,0,0,0,0,0
LBN,Lebanon,country,Middle East,0,0,0.5542,0.5,0.6125,0,0,0,0,0,0,0,0,0
SYR,Syria,country,Middle East,1,0,0.5542,0.5,0.6125,0,0,0,0,0,0,0,0,0
YEM,Yemen,country,Middle East,1,3,0.5542,0.5,0.6125,0,0,0,0,0,0,0,0,0
EU,EU,actor,,-0.5,5,0.9323,1,0.8593,0.4307,0.5,0.3561,0,0,0,0.0151,0,0.0313
USA,US,actor,,0.5,5,0.0151,0,0.0313,0.0741,0.1429,0,0,0,0,0.9259,0.8571,1
CHN,China,actor,,1.5,5,0.5542,0.5,0.6125,0,0,0,0,0,0,0,0,0
RUS,Russia,actor,,2.5,5,0.6187,0.5,0.7464,0.0741,0,0.1538,0,0,0,0,0,0
TUR,Türkiye,actor,,3.5,5,0.5542,0.5,0.6125,0,0,0,0,0,0,0,0,0
IND,India,actor,,0,6,0.6173,0.5,0.7436,0.1111,0,0.2308,0,0,0,0,0,0
JPN,Japan,actor,,1,6,0.9424,1,0.8803,0.4444,0.5,0.3846,0,0,0,0,0,0
KOR,South Korea,actor,,2,6,0.941,1,0.8775,0.4815,0.5,0.4615,0,0,0,0,0,0
IRN,Iran,actor,,3,6,0.5542,0.5,0.6125,0,0,0,0,0,0,0,0,0
