iso3,name,kind,subregion,x,y,eu_all,eu_1622,eu_2326,abs_all,abs_1622,abs_2326,nv_all,nv_1622,nv_2326
BDI,Burundi,country,Central Africa,15,16,0.6667,0.6667,0.6667,0.1111,0.2143,0,0.4815,0.7857,0.1538
CMR,Cameroon,country,Central Africa,14,15,0.4307,0.5,0.3561,1,1,1,0,0,0
CAF,Central African Republic,country,Central Africa,16,14,0.4053,0.4286,0.3906,0.5185,0.4286,0.6154,0.3333,0.5,0.1538
TCD,Chad,country,Central Africa,14,13,0.5636,0.5,0.6125,0,0,0,0.1481,0.2857,0
COG,Congo,country,Central Africa,14,16,0.7354,0.75,0.716,0.037,0,0.0769,0.4815,0.4286,0.5385
COD,Democratic Republic of The Congo,country,Central Africa,15,15,0.537,,0.537,0.1852,0,0.3846,0.7778,1,0.5385
GNQ,Equatorial Guinea,country,Central Africa,13,16,1,1,,0.037,0.0714,0,0.9259,0.8571,1
GAB,Gabon,country,Central Africa,14,17,0.7349,0.75,0.7239,0.037,0,0.0769,0.2963,0.4286,0.1538
RWA,Rwanda,country,Central Africa,16,16,0.428,0.5,0.338,0.6667,0.7143,0.6154,0.3333,0.2857,0.3846
STP,São Tomé and Príncipe,country,Central Africa,11,16,0.5,0.5,,0.037,0.0714,0,0.8519,0.7143,1
DJI,Djibouti,country,East Africa and the Horn of Africa,17,13,0.537,0.4615,0.6125,0,0,0,0.037,0.0714,0
ERI,Eritrea,country,East Africa and the Horn of Africa,16,13,0.537,0.4615,0.6125,0,0,0,0.037,0.0714,0
ETH,Ethiopia,country,East Africa and the Horn of Africa,17,14,0.6173,0.5,0.7436,0.1111,0,0.2308,0,0,0
KEN,Kenya,country,East Africa and the Horn of Africa,17,15,0.7067,0.6923,0.7222,0.2593,0.2857,0.2308,0.0741,0.0714,0.0769
SOM,Somalia,country,East Africa and the Horn of Africa,18,14,0.5207,0.3333,0.6229,0,0,0,0.3704,0.5714,0.1538
SSD,South Sudan,country,East Africa and the Horn of Africa,15,13,0.4296,0.4545,0.3992,0.7037,0.7143,0.6923,0.2593,0.2143,0.3077
SDN,Sudan,country,East Africa and the Horn of Africa,16,12,0.5233,0.4615,0.6037,0,0,0,0.1481,0.0714,0.2308
UGA,Uganda,country,East Africa and the Horn of Africa,16,15,0.5438,0.4444,0.6125,0,0,0,0.1852,0.3571,0
TZA,United Republic of Tanzania,country,East Africa and the Horn of Africa,17,16,0.7426,0.6667,0.8047,0.037,0,0.0769,0.2593,0.3571,0.1538
DZA,Algeria,country,North Africa,13,11,0.5542,0.5,0.6125,0,0,0,0,0,0
EGY,Egypt,country,North Africa,16,11,0.5542,0.5,0.6125,0,0,0,0,0,0
LBY,Libya,country,North Africa,15,11,0.537,0.5,0.5802,0,0,0,0.037,0,0.0769
MAR,Morocco,country,North Africa,12,11,0.5542,0.5,0.6125,0,0,0,0,0,0
TUN,Tunisia,country,North Africa,14,11,0.5542,0.5,0.6125,0,0,0,0,0,0
AGO,Angola,country,Southern Africa and Indian Ocean,13,17,0.5755,0.5385,0.6125,0,0,0,0.037,0.0714,0
BWA,Botswana,country,Southern Africa and Indian Ocean,15,18,0.5256,0.5,0.5597,0,0,0,0.2222,0.1429,0.3077
COM,Comoros,country,Southern Africa and Indian Ocean,18,18,0.4465,0.4444,0.4486,0,0,0,0.3333,0.3571,0.3077
SWZ,Eswatini,country,Southern Africa and Indian Ocean,16,19,1,1,,0.037,0.0714,0,0.963,0.9286,1
LSO,Lesotho,country,Southern Africa and Indian Ocean,17,19,0.6526,0.6364,0.6704,0.037,0,0.0769,0.2222,0.2143,0.2308
MDG,Madagascar,country,Southern Africa and Indian Ocean,19,19,0.4644,0.3333,0.5767,0.3704,0.3571,0.3846,0.5185,0.5714,0.4615
MWI,Malawi,country,Southern Africa and Indian Ocean,15,17,0.3364,0.4,0.291,0.3333,0.2143,0.4615,0.5556,0.6429,0.4615
MUS,Mauritius,country,Southern Africa and Indian Ocean,19,20,0.5542,0.5,0.6125,0,0,0,0,0,0
MOZ,Mozambique,country,Southern Africa and Indian Ocean,16,17,0.5542,0.5,0.6125,0,0,0,0,0,0
NAM,Namibia,country,Southern Africa and Indian Ocean,15,19,0.5755,0.5385,0.6125,0,0,0,0.037,0.0714,0
SYC,Seychelles,country,Southern Africa and Indian Ocean,18,17,0.6458,0.6,0.6667,0,0,0,0.4074,0.6429,0.1538
ZAF,South Africa,country,Southern Africa and Indian Ocean,16,20,0.5542,0.5,0.6125,0,0,0,0,0,0
ZMB,Zambia,country,Southern Africa and Indian Ocean,14,18,0.4167,0.4167,,0.037,0.0714,0,0.5556,0.1429,1
ZWE,Zimbabwe,country,Southern Africa and Indian Ocean,16,18,0.5542,0.5,0.6125,0,0,0,0,0,0
BEN,Benin,country,West Africa,15,14,0.5185,0.375,0.6229,0,0,0,0.2963,0.4286,0.1538
BFA,Burkina Faso,country,West Africa,13,13,0.7081,0.6667,0.7546,0,0,0,0.3704,0.3571,0.3846
CIV,Côte D’Ivoire,country,West Africa,12,15,0.416,0.5385,0.2934,0.7778,0.7143,0.8462,0.037,0.0714,0
CPV,Cape Verde,country,West Africa,10,15,0.5585,0.5,0.6125,0,0,0,0.0741,0.1429,0
GMB,Gambia,country,West Africa,12,12,0.5755,0.5385,0.6125,0,0,0,0.037,0.0714,0
GHA,Ghana,country,West Africa,13,14,0.807,1,0.6667,0.1111,0.2143,0,0.2963,0.4286,0.1538
GIN,Guinea,country,West Africa,11,14,0.571,0.5455,0.5926,0.0741,0.0714,0.0769,0.1111,0.2143,0
GNB,Guinea-Bissau,country,West Africa,11,13,0.6491,0.625,0.6667,0.037,0.0714,0,0.2963,0.4286,0.1538
LBR,Liberia,country,West Africa,12,14,0.4333,0.25,0.5556,0.1852,0.0714,0.3077,0.6296,0.7143,0.5385
MLI,Mali,country,West Africa,14,12,0.5542,0.5,0.6125,0,0,0,0,0,0
MRT,Mauritania,country,West Africa,11,12,0.5542,0.5,0.6125,0,0,0,0,0,0
NER,Niger,country,West Africa,15,12,0.6173,0.5556,0.6636,0,0,0,0.2222,0.3571,0.0769
NGA,Nigeria,country,West Africa,13,15,0.7019,0.6667,0.7546,0.1481,0.2143,0.0769,0.2593,0.1429,0.3846
SEN,Senegal,country,West Africa,13,12,0.5542,0.5,0.6125,0,0,0,0,0,0
SLE,Sierra Leone,country,West Africa,12,13,0.5985,0.5833,0.6125,0,0,0,0.0741,0.1429,0
TGO,Togo,country,West Africa,14,14,0.4302,0.5,0.3488,0.963,1,0.9231,0.037,0,0.0769
EU,EU,actor,,10.5,23,0.9323,1,0.8593,0.4307,0.5,0.3561,0,0,0
USA,US,actor,,11.5,23,0.0151,0,0.0313,0.0741,0.1429,0,0,0,0
CHN,China,actor,,12.5,23,0.5542,0.5,0.6125,0,0,0,0,0,0
RUS,Russia,actor,,13.5,23,0.6187,0.5,0.7464,0.0741,0,0.1538,0,0,0
TUR,Türkiye,actor,,14.5,23,0.5542,0.5,0.6125,0,0,0,0,0,0
IND,India,actor,,15.5,23,0.6173,0.5,0.7436,0.1111,0,0.2308,0,0,0
JPN,Japan,actor,,16.5,23,0.9424,1,0.8803,0.4444,0.5,0.3846,0,0,0
KOR,South Korea,actor,,17.5,23,0.941,1,0.8775,0.4815,0.5,0.4615,0,0,0
IRN,Iran,actor,,18.5,23,0.5542,0.5,0.6125,0,0,0,0,0,0
