iso3,actor,presence,detail,n
DZA,EU,None,,
DZA,USA,None,,
DZA,CHN,High,Broad strategic cooperation,
DZA,RUS,Medium,Long-term strategic cooperation,
DZA,TUR,High,Broad strategic cooperation,
DZA,IND,None,,
DZA,JPN,None,,
DZA,KOR,None,,
DZA,ISR,None,,
DZA,IRN,None,,
DZA,SAU,None,,
DZA,ARE,None,,
DZA,QAT,None,,
DZA,KWT,None,,
DZA,OMN,None,,
DZA,BHR,None,,
BEN,EU,None,,
BEN,USA,None,,
BEN,CHN,Low,Long-term strategic cooperation,
BEN,RUS,None,,
BEN,TUR,None,,
BEN,IND,None,,
BEN,JPN,None,,
BEN,KOR,None,,
BEN,ISR,None,,
BEN,IRN,None,,
BEN,SAU,None,,
BEN,ARE,None,,
BEN,QAT,None,,
BEN,KWT,None,,
BEN,OMN,None,,
BEN,BHR,None,,
BDI,EU,None,,
BDI,USA,None,,
BDI,CHN,High,Broad strategic cooperation,
BDI,RUS,None,,
BDI,TUR,None,,
BDI,IND,None,,
BDI,JPN,None,,
BDI,KOR,None,,
BDI,ISR,None,,
BDI,IRN,None,,
BDI,SAU,None,,
BDI,ARE,None,,
BDI,QAT,None,,
BDI,KWT,None,,
BDI,OMN,None,,
BDI,BHR,None,,
DJI,EU,None,,
DJI,USA,None,,
DJI,CHN,High,Broad strategic cooperation,
DJI,RUS,None,,
DJI,TUR,None,,
DJI,IND,None,,
DJI,JPN,None,,
DJI,KOR,None,,
DJI,ISR,None,,
DJI,IRN,None,,
DJI,SAU,None,,
DJI,ARE,None,,
DJI,QAT,None,,
DJI,KWT,None,,
DJI,OMN,None,,
DJI,BHR,None,,
AGO,EU,None,,
AGO,USA,None,,
AGO,CHN,Medium,Broad development cooperation,
AGO,RUS,None,,
AGO,TUR,None,,
AGO,IND,None,,
AGO,JPN,None,,
AGO,KOR,None,,
AGO,ISR,None,,
AGO,IRN,None,,
AGO,SAU,None,,
AGO,ARE,High,Broad economic cooperation,
AGO,QAT,None,,
AGO,KWT,None,,
AGO,OMN,None,,
AGO,BHR,None,,
EGY,EU,High,Highest-level strategic partnership,
EGY,USA,High,Privileged security cooperation,
EGY,CHN,High,Highest-level strategic relationship,
EGY,RUS,High,Broad strategic cooperation,
EGY,TUR,High,Broad strategic cooperation,
EGY,IND,Medium,Long-term strategic cooperation,
EGY,JPN,Medium,Long-term strategic cooperation,
EGY,KOR,Medium,Broad cooperation framework,
EGY,ISR,None,,
EGY,IRN,None,,
EGY,SAU,Medium,Bilateral coordination framework,
EGY,ARE,None,,
EGY,QAT,None,,
EGY,KWT,None,,
EGY,OMN,None,,
EGY,BHR,None,,
BFA,EU,None,,
BFA,USA,None,,
BFA,CHN,Low,Long-term strategic cooperation,
BFA,RUS,None,,
BFA,TUR,None,,
BFA,IND,None,,
BFA,JPN,None,,
BFA,KOR,None,,
BFA,ISR,None,,
BFA,IRN,None,,
BFA,SAU,None,,
BFA,ARE,None,,
BFA,QAT,None,,
BFA,KWT,None,,
BFA,OMN,None,,
BFA,BHR,None,,
CMR,EU,None,,
CMR,USA,None,,
CMR,CHN,High,Broad strategic cooperation,
CMR,RUS,None,,
CMR,TUR,None,,
CMR,IND,None,,
CMR,JPN,None,,
CMR,KOR,None,,
CMR,ISR,None,,
CMR,IRN,None,,
CMR,SAU,None,,
CMR,ARE,None,,
CMR,QAT,None,,
CMR,KWT,None,,
CMR,OMN,None,,
CMR,BHR,None,,
ERI,EU,None,,
ERI,USA,None,,
ERI,CHN,Low,Long-term strategic cooperation,
ERI,RUS,None,,
ERI,TUR,None,,
ERI,IND,None,,
ERI,JPN,None,,
ERI,KOR,None,,
ERI,ISR,None,,
ERI,IRN,None,,
ERI,SAU,None,,
ERI,ARE,None,,
ERI,QAT,None,,
ERI,KWT,None,,
ERI,OMN,None,,
ERI,BHR,None,,
BWA,EU,None,,
BWA,USA,None,,
BWA,CHN,Low,Long-term strategic cooperation,
BWA,RUS,None,,
BWA,TUR,None,,
BWA,IND,None,,
BWA,JPN,None,,
BWA,KOR,None,,
BWA,ISR,None,,
BWA,IRN,None,,
BWA,SAU,None,,
BWA,ARE,None,,
BWA,QAT,None,,
BWA,KWT,None,,
BWA,OMN,None,,
BWA,BHR,None,,
LBY,EU,None,,
LBY,USA,None,,
LBY,CHN,Low,Long-term strategic cooperation,
LBY,RUS,None,,
LBY,TUR,High,Broad strategic cooperation,
LBY,IND,None,,
LBY,JPN,None,,
LBY,KOR,None,,
LBY,ISR,None,,
LBY,IRN,None,,
LBY,SAU,None,,
LBY,ARE,None,,
LBY,QAT,None,,
LBY,KWT,None,,
LBY,OMN,None,,
LBY,BHR,None,,
CPV,EU,Medium,Close institutional cooperation,
CPV,USA,None,,
CPV,CHN,Low,Long-term strategic cooperation,
CPV,RUS,None,,
CPV,TUR,None,,
CPV,IND,None,,
CPV,JPN,None,,
CPV,KOR,None,,
CPV,ISR,None,,
CPV,IRN,None,,
CPV,SAU,None,,
CPV,ARE,None,,
CPV,QAT,None,,
CPV,KWT,None,,
CPV,OMN,None,,
CPV,BHR,None,,
CAF,EU,None,,
CAF,USA,None,,
CAF,CHN,Low,Long-term strategic cooperation,
CAF,RUS,None,,
CAF,TUR,None,,
CAF,IND,None,,
CAF,JPN,None,,
CAF,KOR,None,,
CAF,ISR,None,,
CAF,IRN,None,,
CAF,SAU,None,,
CAF,ARE,High,Broad economic cooperation,
CAF,QAT,None,,
CAF,KWT,None,,
CAF,OMN,None,,
CAF,BHR,None,,
ETH,EU,None,,
ETH,USA,None,,
ETH,CHN,High,Very close strategic partnership,
ETH,RUS,None,,
ETH,TUR,None,,
ETH,IND,None,,
ETH,JPN,None,,
ETH,KOR,None,,
ETH,ISR,None,,
ETH,IRN,None,,
ETH,SAU,None,,
ETH,ARE,None,,
ETH,QAT,None,,
ETH,KWT,None,,
ETH,OMN,None,,
ETH,BHR,None,,
COM,EU,None,,
COM,USA,None,,
COM,CHN,Low,Long-term strategic cooperation,
COM,RUS,None,,
COM,TUR,None,,
COM,IND,None,,
COM,JPN,None,,
COM,KOR,None,,
COM,ISR,None,,
COM,IRN,None,,
COM,SAU,None,,
COM,ARE,None,,
COM,QAT,None,,
COM,KWT,None,,
COM,OMN,None,,
COM,BHR,None,,
MAR,EU,Low,Green and energy cooperation,
MAR,USA,High,Privileged security cooperation,
MAR,CHN,Low,Long-term strategic cooperation,
MAR,RUS,None,,
MAR,TUR,High,Broad strategic cooperation,
MAR,IND,None,,
MAR,JPN,None,,
MAR,KOR,None,,
MAR,ISR,None,,
MAR,IRN,None,,
MAR,SAU,None,,
MAR,ARE,None,,
MAR,QAT,Medium,High-level cooperation framework,
MAR,KWT,None,,
MAR,OMN,None,,
MAR,BHR,None,,
CIV,EU,None,,
CIV,USA,None,,
CIV,CHN,Low,Long-term strategic cooperation,
CIV,RUS,None,,
CIV,TUR,None,,
CIV,IND,None,,
CIV,JPN,None,,
CIV,KOR,None,,
CIV,ISR,None,,
CIV,IRN,None,,
CIV,SAU,None,,
CIV,ARE,None,,
CIV,QAT,None,,
CIV,KWT,None,,
CIV,OMN,None,,
CIV,BHR,None,,
TCD,EU,None,,
TCD,USA,None,,
TCD,CHN,Low,Long-term strategic cooperation,
TCD,RUS,None,,
TCD,TUR,None,,
TCD,IND,None,,
TCD,JPN,None,,
TCD,KOR,None,,
TCD,ISR,None,,
TCD,IRN,None,,
TCD,SAU,None,,
TCD,ARE,None,,
TCD,QAT,None,,
TCD,KWT,None,,
TCD,OMN,None,,
TCD,BHR,None,,
KEN,EU,None,,
KEN,USA,High,Privileged security cooperation,
KEN,CHN,High,Highest-level strategic relationship,
KEN,RUS,None,,
KEN,TUR,None,,
KEN,IND,None,,
KEN,JPN,None,,
KEN,KOR,None,,
KEN,ISR,None,,
KEN,IRN,None,,
KEN,SAU,None,,
KEN,ARE,High,Broad economic cooperation,
KEN,QAT,None,,
KEN,KWT,None,,
KEN,OMN,None,,
KEN,BHR,None,,
SWZ,EU,None,,
SWZ,USA,None,,
SWZ,CHN,None,,
SWZ,RUS,None,,
SWZ,TUR,None,,
SWZ,IND,None,,
SWZ,JPN,None,,
SWZ,KOR,None,,
SWZ,ISR,None,,
SWZ,IRN,None,,
SWZ,SAU,None,,
SWZ,ARE,None,,
SWZ,QAT,None,,
SWZ,KWT,None,,
SWZ,OMN,None,,
SWZ,BHR,None,,
TUN,EU,High,Enhanced cooperation framework,
TUN,USA,High,Privileged security cooperation,
TUN,CHN,Low,Long-term strategic cooperation,
TUN,RUS,None,,
TUN,TUR,None,,
TUN,IND,None,,
TUN,JPN,None,,
TUN,KOR,None,,
TUN,ISR,None,,
TUN,IRN,None,,
TUN,SAU,None,,
TUN,ARE,None,,
TUN,QAT,None,,
TUN,KWT,None,,
TUN,OMN,None,,
TUN,BHR,None,,
GMB,EU,None,,
GMB,USA,None,,
GMB,CHN,Low,Long-term strategic cooperation,
GMB,RUS,None,,
GMB,TUR,None,,
GMB,IND,None,,
GMB,JPN,None,,
GMB,KOR,None,,
GMB,ISR,None,,
GMB,IRN,None,,
GMB,SAU,None,,
GMB,ARE,None,,
GMB,QAT,None,,
GMB,KWT,None,,
GMB,OMN,None,,
GMB,BHR,None,,
COD,EU,Low,Raw materials cooperation,
COD,USA,Medium,Long-term strategic cooperation,
COD,CHN,Low,Long-term strategic cooperation,
COD,RUS,None,,
COD,TUR,None,,
COD,IND,None,,
COD,JPN,None,,
COD,KOR,None,,
COD,ISR,None,,
COD,IRN,None,,
COD,SAU,None,,
COD,ARE,High,Broad economic cooperation,
COD,QAT,None,,
COD,KWT,None,,
COD,OMN,None,,
COD,BHR,None,,
SOM,EU,None,,
SOM,USA,None,,
SOM,CHN,Low,Long-term strategic cooperation,
SOM,RUS,None,,
SOM,TUR,None,,
SOM,IND,None,,
SOM,JPN,None,,
SOM,KOR,None,,
SOM,ISR,None,,
SOM,IRN,None,,
SOM,SAU,None,,
SOM,ARE,None,,
SOM,QAT,None,,
SOM,KWT,None,,
SOM,OMN,None,,
SOM,BHR,None,,
LSO,EU,None,,
LSO,USA,None,,
LSO,CHN,Low,Long-term strategic cooperation,
LSO,RUS,None,,
LSO,TUR,None,,
LSO,IND,None,,
LSO,JPN,None,,
LSO,KOR,None,,
LSO,ISR,None,,
LSO,IRN,None,,
LSO,SAU,None,,
LSO,ARE,None,,
LSO,QAT,None,,
LSO,KWT,None,,
LSO,OMN,None,,
LSO,BHR,None,,
GHA,EU,Medium,Security and defence cooperation,
GHA,USA,None,,
GHA,CHN,Low,Long-term strategic cooperation,
GHA,RUS,None,,
GHA,TUR,None,,
GHA,IND,None,,
GHA,JPN,None,,
GHA,KOR,None,,
GHA,ISR,None,,
GHA,IRN,None,,
GHA,SAU,None,,
GHA,ARE,None,,
GHA,QAT,None,,
GHA,KWT,None,,
GHA,OMN,None,,
GHA,BHR,None,,
GNQ,EU,None,,
GNQ,USA,None,,
GNQ,CHN,Medium,Broad development cooperation,
GNQ,RUS,None,,
GNQ,TUR,None,,
GNQ,IND,None,,
GNQ,JPN,None,,
GNQ,KOR,None,,
GNQ,ISR,None,,
GNQ,IRN,None,,
GNQ,SAU,None,,
GNQ,ARE,None,,
GNQ,QAT,None,,
GNQ,KWT,None,,
GNQ,OMN,None,,
GNQ,BHR,None,,
SSD,EU,None,,
SSD,USA,None,,
SSD,CHN,Low,Long-term strategic cooperation,
SSD,RUS,None,,
SSD,TUR,None,,
SSD,IND,None,,
SSD,JPN,None,,
SSD,KOR,None,,
SSD,ISR,None,,
SSD,IRN,None,,
SSD,SAU,None,,
SSD,ARE,None,,
SSD,QAT,None,,
SSD,KWT,None,,
SSD,OMN,None,,
SSD,BHR,None,,
MDG,EU,None,,
MDG,USA,None,,
MDG,CHN,Medium,Broad development cooperation,
MDG,RUS,None,,
MDG,TUR,None,,
MDG,IND,None,,
MDG,JPN,None,,
MDG,KOR,None,,
MDG,ISR,None,,
MDG,IRN,None,,
MDG,SAU,None,,
MDG,ARE,None,,
MDG,QAT,None,,
MDG,KWT,None,,
MDG,OMN,None,,
MDG,BHR,None,,
GIN,EU,None,,
GIN,USA,None,,
GIN,CHN,Medium,Broad development cooperation,
GIN,RUS,None,,
GIN,TUR,None,,
GIN,IND,None,,
GIN,JPN,None,,
GIN,KOR,None,,
GIN,ISR,None,,
GIN,IRN,None,,
GIN,SAU,None,,
GIN,ARE,None,,
GIN,QAT,None,,
GIN,KWT,None,,
GIN,OMN,None,,
GIN,BHR,None,,
GAB,EU,None,,
GAB,USA,None,,
GAB,CHN,Medium,Broad development cooperation,
GAB,RUS,None,,
GAB,TUR,None,,
GAB,IND,None,,
GAB,JPN,None,,
GAB,KOR,None,,
GAB,ISR,None,,
GAB,IRN,None,,
GAB,SAU,None,,
GAB,ARE,High,Broad economic cooperation,
GAB,QAT,None,,
GAB,KWT,None,,
GAB,OMN,None,,
GAB,BHR,None,,
SDN,EU,None,,
SDN,USA,None,,
SDN,CHN,Low,Long-term strategic cooperation,
SDN,RUS,None,,
SDN,TUR,None,,
SDN,IND,None,,
SDN,JPN,None,,
SDN,KOR,None,,
SDN,ISR,None,,
SDN,IRN,High,Political coordination mechanism,
SDN,SAU,None,,
SDN,ARE,None,,
SDN,QAT,None,,
SDN,KWT,None,,
SDN,OMN,None,,
SDN,BHR,None,,
MWI,EU,None,,
MWI,USA,None,,
MWI,CHN,Low,Long-term strategic cooperation,
MWI,RUS,None,,
MWI,TUR,None,,
MWI,IND,None,,
MWI,JPN,None,,
MWI,KOR,None,,
MWI,ISR,None,,
MWI,IRN,None,,
MWI,SAU,None,,
MWI,ARE,None,,
MWI,QAT,None,,
MWI,KWT,None,,
MWI,OMN,None,,
MWI,BHR,None,,
GNB,EU,None,,
GNB,USA,None,,
GNB,CHN,Low,Long-term strategic cooperation,
GNB,RUS,None,,
GNB,TUR,None,,
GNB,IND,None,,
GNB,JPN,None,,
GNB,KOR,None,,
GNB,ISR,None,,
GNB,IRN,None,,
GNB,SAU,None,,
GNB,ARE,None,,
GNB,QAT,None,,
GNB,KWT,None,,
GNB,OMN,None,,
GNB,BHR,None,,
COG,EU,None,,
COG,USA,None,,
COG,CHN,Low,Long-term strategic cooperation,
COG,RUS,None,,
COG,TUR,None,,
COG,IND,None,,
COG,JPN,None,,
COG,KOR,None,,
COG,ISR,None,,
COG,IRN,None,,
COG,SAU,None,,
COG,ARE,High,Broad economic cooperation,
COG,QAT,None,,
COG,KWT,None,,
COG,OMN,None,,
COG,BHR,None,,
TZA,EU,None,,
TZA,USA,None,,
TZA,CHN,Medium,Broad development cooperation,
TZA,RUS,None,,
TZA,TUR,None,,
TZA,IND,Medium,Long-term strategic cooperation,
TZA,JPN,None,,
TZA,KOR,None,,
TZA,ISR,None,,
TZA,IRN,None,,
TZA,SAU,None,,
TZA,ARE,None,,
TZA,QAT,None,,
TZA,KWT,None,,
TZA,OMN,None,,
TZA,BHR,None,,
MUS,EU,None,,
MUS,USA,None,,
MUS,CHN,Low,General friendly cooperation,
MUS,RUS,None,,
MUS,TUR,None,,
MUS,IND,High,Expanded strategic cooperation,
MUS,JPN,None,,
MUS,KOR,None,,
MUS,ISR,None,,
MUS,IRN,None,,
MUS,SAU,None,,
MUS,ARE,High,Broad economic cooperation,
MUS,QAT,None,,
MUS,KWT,None,,
MUS,OMN,None,,
MUS,BHR,None,,
LBR,EU,None,,
LBR,USA,None,,
LBR,CHN,Low,Long-term strategic cooperation,
LBR,RUS,None,,
LBR,TUR,None,,
LBR,IND,None,,
LBR,JPN,None,,
LBR,KOR,None,,
LBR,ISR,None,,
LBR,IRN,None,,
LBR,SAU,None,,
LBR,ARE,None,,
LBR,QAT,None,,
LBR,KWT,None,,
LBR,OMN,None,,
LBR,BHR,None,,
RWA,EU,Low,Raw materials cooperation,
RWA,USA,None,,
RWA,CHN,High,Broad strategic cooperation,
RWA,RUS,None,,
RWA,TUR,None,,
RWA,IND,None,,
RWA,JPN,None,,
RWA,KOR,None,,
RWA,ISR,None,,
RWA,IRN,None,,
RWA,SAU,None,,
RWA,ARE,None,,
RWA,QAT,None,,
RWA,KWT,None,,
RWA,OMN,None,,
RWA,BHR,None,,
UGA,EU,None,,
UGA,USA,None,,
UGA,CHN,Medium,Broad development cooperation,
UGA,RUS,None,,
UGA,TUR,None,,
UGA,IND,None,,
UGA,JPN,None,,
UGA,KOR,None,,
UGA,ISR,None,,
UGA,IRN,None,,
UGA,SAU,None,,
UGA,ARE,None,,
UGA,QAT,None,,
UGA,KWT,None,,
UGA,OMN,None,,
UGA,BHR,None,,
MOZ,EU,None,,
MOZ,USA,None,,
MOZ,CHN,Medium,Broad development cooperation,
MOZ,RUS,None,,
MOZ,TUR,None,,
MOZ,IND,None,,
MOZ,JPN,None,,
MOZ,KOR,None,,
MOZ,ISR,None,,
MOZ,IRN,Low,Economic cooperation framework,
MOZ,SAU,None,,
MOZ,ARE,None,,
MOZ,QAT,None,,
MOZ,KWT,None,,
MOZ,OMN,None,,
MOZ,BHR,None,,
MLI,EU,None,,
MLI,USA,None,,
MLI,CHN,Low,Long-term strategic cooperation,
MLI,RUS,None,,
MLI,TUR,None,,
MLI,IND,None,,
MLI,JPN,None,,
MLI,KOR,None,,
MLI,ISR,None,,
MLI,IRN,None,,
MLI,SAU,None,,
MLI,ARE,None,,
MLI,QAT,None,,
MLI,KWT,None,,
MLI,OMN,None,,
MLI,BHR,None,,
STP,EU,None,,
STP,USA,None,,
STP,CHN,Low,Long-term strategic cooperation,
STP,RUS,None,,
STP,TUR,None,,
STP,IND,None,,
STP,JPN,None,,
STP,KOR,None,,
STP,ISR,None,,
STP,IRN,None,,
STP,SAU,None,,
STP,ARE,None,,
STP,QAT,None,,
STP,KWT,None,,
STP,OMN,None,,
STP,BHR,None,,
NAM,EU,Low,Green hydrogen and raw materials cooperation,
NAM,USA,None,,
NAM,CHN,Medium,Broad development cooperation,
NAM,RUS,None,,
NAM,TUR,None,,
NAM,IND,None,,
NAM,JPN,None,,
NAM,KOR,None,,
NAM,ISR,None,,
NAM,IRN,None,,
NAM,SAU,None,,
NAM,ARE,None,,
NAM,QAT,None,,
NAM,KWT,None,,
NAM,OMN,None,,
NAM,BHR,None,,
MRT,EU,None,,
MRT,USA,None,,
MRT,CHN,Low,Long-term strategic cooperation,
MRT,RUS,None,,
MRT,TUR,None,,
MRT,IND,None,,
MRT,JPN,None,,
MRT,KOR,None,,
MRT,ISR,None,,
MRT,IRN,None,,
MRT,SAU,None,,
MRT,ARE,None,,
MRT,QAT,None,,
MRT,KWT,None,,
MRT,OMN,None,,
MRT,BHR,None,,
SYC,EU,None,,
SYC,USA,None,,
SYC,CHN,Low,Long-term strategic cooperation,
SYC,RUS,None,,
SYC,TUR,None,,
SYC,IND,None,,
SYC,JPN,None,,
SYC,KOR,None,,
SYC,ISR,None,,
SYC,IRN,None,,
SYC,SAU,None,,
SYC,ARE,None,,
SYC,QAT,None,,
SYC,KWT,None,,
SYC,OMN,None,,
SYC,BHR,None,,
NER,EU,None,,
NER,USA,None,,
NER,CHN,Low,Long-term strategic cooperation,
NER,RUS,None,,
NER,TUR,None,,
NER,IND,None,,
NER,JPN,None,,
NER,KOR,None,,
NER,ISR,None,,
NER,IRN,None,,
NER,SAU,None,,
NER,ARE,None,,
NER,QAT,None,,
NER,KWT,None,,
NER,OMN,None,,
NER,BHR,None,,
ZAF,EU,High,Long-term strategic cooperation,
ZAF,USA,Low,Strategic dialogue framework,
ZAF,CHN,High,Highest-level modern strategic partnership,
ZAF,RUS,High,Broad strategic cooperation,
ZAF,TUR,None,,
ZAF,IND,Medium,Long-term strategic cooperation,
ZAF,JPN,High,Structured strategic cooperation,
ZAF,KOR,None,,
ZAF,ISR,None,,
ZAF,IRN,Low,Political consultation mechanism,
ZAF,SAU,None,,
ZAF,ARE,None,,
ZAF,QAT,None,,
ZAF,KWT,None,,
ZAF,OMN,None,,
ZAF,BHR,None,,
NGA,EU,High,Long-term strategic cooperation,
NGA,USA,Low,Bilateral cooperation framework,
NGA,CHN,High,Broad strategic cooperation,
NGA,RUS,None,,
NGA,TUR,None,,
NGA,IND,Medium,Long-term strategic cooperation,
NGA,JPN,None,,
NGA,KOR,None,,
NGA,ISR,None,,
NGA,IRN,Medium,Bilateral cooperation framework,
NGA,SAU,None,,
NGA,ARE,None,,
NGA,QAT,None,,
NGA,KWT,None,,
NGA,OMN,None,,
NGA,BHR,None,,
ZMB,EU,Low,Raw materials cooperation,
ZMB,USA,None,,
ZMB,CHN,Medium,Broad development cooperation,
ZMB,RUS,None,,
ZMB,TUR,None,,
ZMB,IND,None,,
ZMB,JPN,None,,
ZMB,KOR,None,,
ZMB,ISR,None,,
ZMB,IRN,None,,
ZMB,SAU,None,,
ZMB,ARE,None,,
ZMB,QAT,None,,
ZMB,KWT,None,,
ZMB,OMN,None,,
ZMB,BHR,None,,
SEN,EU,None,,
SEN,USA,None,,
SEN,CHN,Medium,Broad development cooperation,
SEN,RUS,None,,
SEN,TUR,None,,
SEN,IND,None,,
SEN,JPN,None,,
SEN,KOR,None,,
SEN,ISR,None,,
SEN,IRN,None,,
SEN,SAU,None,,
SEN,ARE,None,,
SEN,QAT,None,,
SEN,KWT,None,,
SEN,OMN,None,,
SEN,BHR,None,,
ZWE,EU,None,,
ZWE,USA,None,,
ZWE,CHN,High,Highest-level resilient strategic community framework,
ZWE,RUS,None,,
ZWE,TUR,None,,
ZWE,IND,None,,
ZWE,JPN,None,,
ZWE,KOR,None,,
ZWE,ISR,None,,
ZWE,IRN,None,,
ZWE,SAU,None,,
ZWE,ARE,None,,
ZWE,QAT,None,,
ZWE,KWT,None,,
ZWE,OMN,None,,
ZWE,BHR,None,,
SLE,EU,None,,
SLE,USA,None,,
SLE,CHN,Medium,Broad development cooperation,
SLE,RUS,None,,
SLE,TUR,None,,
SLE,IND,None,,
SLE,JPN,None,,
SLE,KOR,None,,
SLE,ISR,None,,
SLE,IRN,None,,
SLE,SAU,None,,
SLE,ARE,None,,
SLE,QAT,None,,
SLE,KWT,None,,
SLE,OMN,None,,
SLE,BHR,None,,
TGO,EU,None,,
TGO,USA,None,,
TGO,CHN,High,Broad strategic cooperation,
TGO,RUS,None,,
TGO,TUR,None,,
TGO,IND,None,,
TGO,JPN,None,,
TGO,KOR,None,,
TGO,ISR,None,,
TGO,IRN,None,,
TGO,SAU,None,,
TGO,ARE,None,,
TGO,QAT,None,,
TGO,KWT,None,,
TGO,OMN,None,,
TGO,BHR,None,,
AGO,all,,,2
BDI,all,,,1
BEN,all,,,1
BFA,all,,,1
BWA,all,,,1
CAF,all,,,2
CIV,all,,,1
CMR,all,,,1
COD,all,,,4
COG,all,,,2
COM,all,,,1
CPV,all,,,2
DJI,all,,,1
DZA,all,,,3
EGY,all,,,9
ERI,all,,,1
ETH,all,,,1
GAB,all,,,2
GHA,all,,,2
GIN,all,,,1
GMB,all,,,1
GNB,all,,,1
GNQ,all,,,1
KEN,all,,,3
LBR,all,,,1
LBY,all,,,2
LSO,all,,,1
MAR,all,,,5
MDG,all,,,1
MLI,all,,,1
MOZ,all,,,2
MRT,all,,,1
MUS,all,,,3
MWI,all,,,1
NAM,all,,,2
NER,all,,,1
NGA,all,,,5
RWA,all,,,2
SDN,all,,,2
SEN,all,,,1
SLE,all,,,1
SOM,all,,,1
SSD,all,,,1
STP,all,,,1
SWZ,all,,,0
SYC,all,,,1
TCD,all,,,1
TGO,all,,,1
TUN,all,,,3
TZA,all,,,2
UGA,all,,,1
ZAF,all,,,7
ZMB,all,,,2
ZWE,all,,,1
