key,iso3,role
row1,IRQ,Lead
row1,FRA,Lead
row3,ARE,Lead
row3,SAU,Lead
row9,IND,Lead
row9,OMN,Lead
row10,IND,Lead
row10,OMN,Lead
row11,FRA,Lead
row11,QAT,Lead
row12,IND,Lead
row12,OMN,Lead
row16,QAT,Lead
row16,BHR,Participant
row16,KWT,Participant
row16,OMN,Participant
row16,SAU,Participant
row16,ARE,Participant
row16,USA,Participant
row17,BHR,Lead
row17,OMN,Lead
row18,SAU,Lead
row18,USA,Lead
row20,CHN,Lead
row20,SAU,Lead
row28,IND,Lead
row28,ARE,Lead
row31,IND,Lead
row31,ARE,Lead
row31,FRA,Participant
row31,USA,Participant
row31,GBR,Participant
row33,USA,Lead
row33,JOR,Lead
row33,CYP,Participant
row33,FRA,Participant
row33,DEU,Participant
row33,GRC,Participant
row33,ITA,Participant
row33,POL,Participant
row33,ESP,Participant
row33,ROU,Participant
row33,NLD,Participant
row33,EGY,Participant
row33,IRQ,Participant
row33,JOR,Participant
row33,KEN,Participant
row33,KWT,Participant
row33,LBN,Participant
row33,MAR,Participant
row33,OMN,Participant
row33,SAU,Participant
row33,ZAF,Participant
row33,ARE,Participant
row33,YEM,Participant
row33,JPN,Participant
row37,ARE,Lead
row37,FRA,Lead
row38,IND,Lead
row38,OMN,Lead
row43,ARE,Lead
row43,FRA,Lead
row45,CHN,Lead
row45,ARE,Lead
row46,ARE,Lead
row46,FRA,Lead
row51,ARE,Lead
row51,FRA,Participant
row51,DEU,Participant
row51,SAU,Participant
row51,AUS,Participant
row51,KOR,Participant
row51,USA,Participant
row51,IND,Participant
row51,QAT,Participant
row51,GBR,Participant
row51,TUR,Participant
row55,ARE,Lead
row55,FRA,Lead
row56,KWT,Lead
row56,SAU,Lead
row57,SAU,Lead
row57,BHR,Participant
row57,KWT,Participant
row57,OMN,Participant
row57,QAT,Participant
row57,ARE,Participant
row62,USA,Lead
row62,SAU,Lead
row63,USA,Lead
row63,AUS,Participant
row63,BHR,Participant
row63,CAN,Participant
row63,DJI,Participant
row63,EGY,Participant
row63,FRA,Participant
row63,DEU,Participant
row63,GRC,Participant
row63,ITA,Participant
row63,JPN,Participant
row63,JOR,Participant
row63,OMN,Participant
row63,PAK,Participant
row63,PHL,Participant
row63,KOR,Participant
row63,LKA,Participant
row63,THA,Participant
row63,YEM,Participant
row63,GBR,Participant
row65,ARE,Lead
row65,USA,Lead
row67,ITA,Lead
row67,OMN,Lead
row68,KWT,Lead
row68,SAU,Participant
row68,ARE,Participant
row68,QAT,Participant
row68,OMN,Participant
row68,BHR,Participant
row70,IRN,Lead
row70,SAU,Lead
row76,CHN,Lead
row76,IRN,Lead
row76,RUS,Participant
row78,CHN,Lead
row78,IRN,Lead
row78,RUS,Participant
row85,IND,Lead
row85,OMN,Lead
row86,USA,Lead
row86,SAU,Lead
row86,ARE,Participant
row87,USA,Lead
row87,JOR,Lead
row90,JPN,Lead
row93,USA,Lead
row93,ISR,Participant
row94,BHR,Lead
row94,ARE,Lead
row102,KWT,Lead
row102,BHR,Participant
row102,USA,Participant
row102,GBR,Participant
row103,SAU,Lead
row103,BHR,Participant
row103,BGD,Participant
row103,FRA,Participant
row103,GRC,Participant
row103,ITA,Participant
row103,JOR,Participant
row103,MYS,Participant
row103,MAR,Participant
row103,OMN,Participant
row103,PAK,Participant
row103,QAT,Participant
row103,TUR,Participant
row103,UKR,Participant
row103,USA,Participant
row106,ARE,Lead
row106,FRA,Lead
row108,ARE,Lead
row108,FRA,Lead
row110,OMN,Lead
row110,SAU,Lead
row115,SAU,Lead
row115,USA,Lead
row120,OMN,Lead
row121,SAU,Lead
row121,FRA,Participant
row121,ITA,Participant
row121,BHR,Participant
row121,BGD,Participant
row121,JOR,Participant
row121,MYS,Participant
row121,MAR,Participant
row121,TUR,Participant
row121,USA,Participant
row121,QAT,Participant
row121,GBR,Participant
row121,GRC,Participant
row122,SAU,Lead
row122,FRA,Participant
row122,GBR,Participant
row122,GRC,Participant
row122,QAT,Participant
row122,ARE,Participant
row122,OMN,Participant
row122,BHR,Participant
row122,PAK,Participant
