iso3,actor,n,detail
GAB,BEL,1,Tropical Storm 2025 2025
EGY,CHN,2,Eagles of civilisation 2026; Eagles of Civilisation 2025
TZA,CHN,1,Peace and Unity 2024
MOZ,CHN,1,Peace and Unity 2024
ZAF,CHN,1,Will for Peace 2026
SEN,ESP,3,Furor–Niani counter-piracy exercise 2024; Rayo–Senegalese Navy joint training exercises 2025; Relámpago–Niani PASSEX 2025
NGA,ESP,3,Furor–Nigerian Navy bilateral exercise 2024; Furor–Nigerian Navy joint exercises 2026; Meteoro–DB Abuja PASSEX 2024
GGU,ESP,3,Furor–Nigerian Navy bilateral exercise 2024; Furor–Nigerian Navy joint exercises 2026; Meteoro–DB Abuja PASSEX 2024
MAR,ESP,1,Reina Sofía–Tarik Ben Ziyad joint exercise 2025
GGU,EU,5,Furor–Nigerian Navy bilateral exercise 2024; Furor–Nigerian Navy joint exercises 2026; Grand African NEMO 2026; Meteoro–DB Abuja PASSEX 2024 +1 more
SEN,EU,4,Corymbe 2026; Furor–Niani counter-piracy exercise 2024; Rayo–Senegalese Navy joint training exercises 2025; Relámpago–Niani PASSEX 2025
SYC,EU,3,ALDABRA III 2024; ALDABRA IV 2025; ALDABRA V – phase 1 2026
DJI,EU,3,ALDABRA III 2024; ASPIDES–Djibouti Coast Guard common exercise 2026; DORALEH II 2025
MAR,EU,3,Chergui 25 2025; Marathon 25 2025; Reina Sofía–Tarik Ben Ziyad joint exercise 2025
EGY,EU,3,Cleopatra 24 2024; MEDUSA 13 2024; MEDUSA 14 2025
GAB,EU,3,Equato Medichos 2025 2025; Sinople 2025; Tropical Storm 2025 2025
NGA,EU,3,Furor–Nigerian Navy bilateral exercise 2024; Furor–Nigerian Navy joint exercises 2026; Meteoro–DB Abuja PASSEX 2024
GAD,EU,3,ASPIDES–Djibouti Coast Guard common exercise 2026; ATALANTA–Japan joint exercise 2024; EU–India naval exercise 2025
CIV,EU,2,Equato Medichos 2025 2025; Jeanne d'Arc 25 - CIV 2025
BEN,EU,2,Equato Medichos 2025 2025; Zangbeto 2024
KEN,EU,2,USALAMA BAHARINI I 2024; USALAMA BAHARINI II 2025
TGO,EU,1,Equato Medichos 2025 2025
CMR,EU,1,Equato Medichos 2025 2025
GIN,EU,1,Equato Medichos 2025 2025
COG,EU,1,Equato Medichos 2025 2025
MAR,FRA,2,Chergui 25 2025; Marathon 25 2025
GAB,FRA,2,Equato Medichos 2025 2025; Sinople 2025
CIV,FRA,2,Equato Medichos 2025 2025; Jeanne d'Arc 25 - CIV 2025
BEN,FRA,2,Equato Medichos 2025 2025; Zangbeto 2024
GGU,FRA,2,Grand African NEMO 2026; Zangbeto 2024
EGY,FRA,1,Cleopatra 24 2024
SEN,FRA,1,Corymbe 2026
TGO,FRA,1,Equato Medichos 2025 2025
CMR,FRA,1,Equato Medichos 2025 2025
GIN,FRA,1,Equato Medichos 2025 2025
COG,FRA,1,Equato Medichos 2025 2025
EGY,GRC,2,MEDUSA 13 2024; MEDUSA 14 2025
SYC,IND,2,Africa-India Key Maritime Engagement (Aikeyme) 2025; Lamitiye 2026
ZAF,IND,2,Africa-India Key Maritime Engagement (Aikeyme) 2025; IBSAMAR VIII 2024
GAD,IND,2,Africa-India Key Maritime Engagement (Aikeyme) 2025; EU–India naval exercise 2025
TZA,IND,1,Africa-India Key Maritime Engagement (Aikeyme) 2025
COM,IND,1,Africa-India Key Maritime Engagement (Aikeyme) 2025
DJI,IND,1,Africa-India Key Maritime Engagement (Aikeyme) 2025
KEN,IND,1,Africa-India Key Maritime Engagement (Aikeyme) 2025
MDG,IND,1,Africa-India Key Maritime Engagement (Aikeyme) 2025
MUS,IND,1,Africa-India Key Maritime Engagement (Aikeyme) 2025
MOZ,IND,1,Africa-India Key Maritime Engagement (Aikeyme) 2025
EGY,IND,1,Cyclone 4 2026
GAD,JPN,1,ATALANTA–Japan joint exercise 2024
EGY,RUS,1,Bridge of friendship 2025
EGY,TUR,2,Anatolian Eagle 2026; Friendship Sea 2025
MAR,USA,6,African Lion 2026; African Lion (1/2) 2025; Cutlass Express 2026; Flintlock 2025 +2 more
DJI,USA,6,African Lion (1/2) 2025; Bull Shark 25-1 2024; Bull Shark 25-2 2025; Cutlass Express 2026 +2 more
TUN,USA,5,African Lion 2026; African Lion (1/2) 2025; Cutlass Express 2026; Flintlock 2025 +1 more
SEN,USA,5,African Lion 2026; African Lion (1/2) 2025; Cutlass Express 2026; Flintlock 2025 +1 more
CIV,USA,5,African Lion (1/2) 2025; Flintlock 2026; Flintlock 2025; Obangame Express 2025
EGY,USA,5,African Lion (1/2) 2025; Bright Star 2025; Cutlass Express 2026; International Maritime Exercise (IMX) 2025 +1 more
GHA,USA,4,African Lion 2026; African Lion (1/2) 2025; Flintlock 2025; Obangame Express 2025
LBY,USA,4,African Lion (1/2) 2025; Flintlock 2026; Flintlock 2025
BEN,USA,3,African Lion (1/2) 2025; Flintlock 2025; Obangame Express 2025
CPV,USA,3,African Lion (1/2) 2025; Flintlock 2025; Obangame Express 2025
CMR,USA,3,African Lion (1/2) 2025; Flintlock 2025; Obangame Express 2025
KEN,USA,3,African Lion (1/2) 2025; Cutlass Express 2026; Justified Accord 2026
NGA,USA,3,African Lion (1/2) 2025; Flintlock 2025; Obangame Express 2025
TZA,USA,3,Cutlass Express 2026; Flintlock 2025; Justified Accord 2026
GMB,USA,2,African Lion (1/2) 2025; Obangame Express 2025
GNB,USA,2,African Lion (1/2) 2025; Obangame Express 2025
LBR,USA,2,African Lion (1/2) 2025; Obangame Express 2025
MRT,USA,2,African Lion (1/2) 2025; Flintlock 2025
TGO,USA,2,African Lion (1/2) 2025; Flintlock 2025
SOM,USA,2,Cutlass Express 2026; Flintlock 2025
AGO,USA,2,Flintlock 2025; Obangame Express 2025
GAB,USA,2,Flintlock 2025; Obangame Express 2025
DZA,USA,2,Flintlock 2025; Phoenix Express 2026
GGU,USA,2,Obangame Express 2026; Obangame Express 2025
ZAF,USA,1,Bright Star 2025
COM,USA,1,Cutlass Express 2026
MDG,USA,1,Cutlass Express 2026
MWI,USA,1,Cutlass Express 2026
MUS,USA,1,Cutlass Express 2026
MOZ,USA,1,Cutlass Express 2026
SYC,USA,1,Cutlass Express 2026
TCD,USA,1,Flintlock 2025
ZMB,USA,1,Flintlock 2025
COD,USA,1,Obangame Express 2025
NAM,USA,1,Obangame Express 2025
COG,USA,1,Obangame Express 2025
STP,USA,1,Obangame Express 2025
GAD,USA,1,International Maritime Exercise (IMX) 2025
RSE,USA,1,International Maritime Exercise (IMX) 2025
EGY,all,14,African Lion (1/2) 2025; Anatolian Eagle 2026; Bridge of friendship 2025; Bright Star 2025 +10 more
DJI,all,10,Africa-India Key Maritime Engagement (Aikeyme) 2025; African Lion (1/2) 2025; ALDABRA III 2024; ASPIDES–Djibouti Coast Guard common exercise 2026 +6 more
MAR,all,9,African Lion 2026; African Lion (1/2) 2025; Chergui 25 2025; Cutlass Express 2026 +5 more
SEN,all,9,African Lion 2026; African Lion (1/2) 2025; Corymbe 2026; Cutlass Express 2026 +5 more
CIV,all,7,African Lion (1/2) 2025; Equato Medichos 2025 2025; Flintlock 2026; Flintlock 2025 +2 more
GGU,all,7,Furor–Nigerian Navy bilateral exercise 2024; Furor–Nigerian Navy joint exercises 2026; Grand African NEMO 2026; Meteoro–DB Abuja PASSEX 2024 +3 more
KEN,all,6,Africa-India Key Maritime Engagement (Aikeyme) 2025; African Lion (1/2) 2025; Cutlass Express 2026; Justified Accord 2026 +2 more
SYC,all,6,Africa-India Key Maritime Engagement (Aikeyme) 2025; ALDABRA III 2024; ALDABRA IV 2025; ALDABRA V – phase 1 2026 +2 more
NGA,all,6,African Lion (1/2) 2025; Flintlock 2025; Furor–Nigerian Navy bilateral exercise 2024; Furor–Nigerian Navy joint exercises 2026 +2 more
TZA,all,5,Africa-India Key Maritime Engagement (Aikeyme) 2025; Cutlass Express 2026; Flintlock 2025; Justified Accord 2026 +1 more
TUN,all,5,African Lion 2026; African Lion (1/2) 2025; Cutlass Express 2026; Flintlock 2025 +1 more
BEN,all,5,African Lion (1/2) 2025; Equato Medichos 2025 2025; Flintlock 2025; Obangame Express 2025 +1 more
GAB,all,5,Equato Medichos 2025 2025; Flintlock 2025; Obangame Express 2025; Sinople 2025 +1 more
GAD,all,5,Africa-India Key Maritime Engagement (Aikeyme) 2025; ASPIDES–Djibouti Coast Guard common exercise 2026; ATALANTA–Japan joint exercise 2024; International Maritime Exercise (IMX) 2025 +1 more
ZAF,all,4,Africa-India Key Maritime Engagement (Aikeyme) 2025; Bright Star 2025; IBSAMAR VIII 2024; Will for Peace 2026
GHA,all,4,African Lion 2026; African Lion (1/2) 2025; Flintlock 2025; Obangame Express 2025
CMR,all,4,African Lion (1/2) 2025; Equato Medichos 2025 2025; Flintlock 2025; Obangame Express 2025
LBY,all,4,African Lion (1/2) 2025; Flintlock 2026; Flintlock 2025
MOZ,all,3,Africa-India Key Maritime Engagement (Aikeyme) 2025; Cutlass Express 2026; Peace and Unity 2024
CPV,all,3,African Lion (1/2) 2025; Flintlock 2025; Obangame Express 2025
TGO,all,3,African Lion (1/2) 2025; Equato Medichos 2025 2025; Flintlock 2025
COM,all,2,Africa-India Key Maritime Engagement (Aikeyme) 2025; Cutlass Express 2026
MDG,all,2,Africa-India Key Maritime Engagement (Aikeyme) 2025; Cutlass Express 2026
MUS,all,2,Africa-India Key Maritime Engagement (Aikeyme) 2025; Cutlass Express 2026
GMB,all,2,African Lion (1/2) 2025; Obangame Express 2025
GNB,all,2,African Lion (1/2) 2025; Obangame Express 2025
LBR,all,2,African Lion (1/2) 2025; Obangame Express 2025
MRT,all,2,African Lion (1/2) 2025; Flintlock 2025
SOM,all,2,Cutlass Express 2026; Flintlock 2025
COG,all,2,Equato Medichos 2025 2025; Obangame Express 2025
AGO,all,2,Flintlock 2025; Obangame Express 2025
DZA,all,2,Flintlock 2025; Phoenix Express 2026
MWI,all,1,Cutlass Express 2026
GIN,all,1,Equato Medichos 2025 2025
TCD,all,1,Flintlock 2025
ZMB,all,1,Flintlock 2025
COD,all,1,Obangame Express 2025
NAM,all,1,Obangame Express 2025
STP,all,1,Obangame Express 2025
RSE,all,1,International Maritime Exercise (IMX) 2025
EGY,bilateral,6,Bridge of friendship 2025; Cleopatra 24 2024; Cyclone 4 2026; Friendship Sea 2025 +2 more
SEN,bilateral,5,Corymbe 2026; Furor–Niani counter-piracy exercise 2024; Obangame Express 2026; Rayo–Senegalese Navy joint training exercises 2025 +1 more
GGU,bilateral,5,Furor–Nigerian Navy bilateral exercise 2024; Furor–Nigerian Navy joint exercises 2026; Meteoro–DB Abuja PASSEX 2024; Obangame Express 2026 +1 more
MAR,bilateral,3,Chergui 25 2025; Marathon 25 2025; Reina Sofía–Tarik Ben Ziyad joint exercise 2025
NGA,bilateral,3,Furor–Nigerian Navy bilateral exercise 2024; Furor–Nigerian Navy joint exercises 2026; Meteoro–DB Abuja PASSEX 2024
GAB,bilateral,2,Sinople 2025; Tropical Storm 2025 2025
CIV,bilateral,1,Jeanne d'Arc 25 - CIV 2025
SYC,bilateral,1,Lamitiye 2026
BEN,bilateral,1,Zangbeto 2024
SYC,fra_ind,2,Africa-India Key Maritime Engagement (Aikeyme) 2025; Lamitiye 2026
ZAF,fra_ind,2,Africa-India Key Maritime Engagement (Aikeyme) 2025; IBSAMAR VIII 2024
MAR,fra_ind,2,Chergui 25 2025; Marathon 25 2025
EGY,fra_ind,2,Cleopatra 24 2024; Cyclone 4 2026
GAB,fra_ind,2,Equato Medichos 2025 2025; Sinople 2025
CIV,fra_ind,2,Equato Medichos 2025 2025; Jeanne d'Arc 25 - CIV 2025
BEN,fra_ind,2,Equato Medichos 2025 2025; Zangbeto 2024
GAD,fra_ind,2,Africa-India Key Maritime Engagement (Aikeyme) 2025; EU–India naval exercise 2025
GGU,fra_ind,2,Grand African NEMO 2026; Zangbeto 2024
TZA,fra_ind,1,Africa-India Key Maritime Engagement (Aikeyme) 2025
COM,fra_ind,1,Africa-India Key Maritime Engagement (Aikeyme) 2025
DJI,fra_ind,1,Africa-India Key Maritime Engagement (Aikeyme) 2025
KEN,fra_ind,1,Africa-India Key Maritime Engagement (Aikeyme) 2025
MDG,fra_ind,1,Africa-India Key Maritime Engagement (Aikeyme) 2025
MUS,fra_ind,1,Africa-India Key Maritime Engagement (Aikeyme) 2025
MOZ,fra_ind,1,Africa-India Key Maritime Engagement (Aikeyme) 2025
SEN,fra_ind,1,Corymbe 2026
TGO,fra_ind,1,Equato Medichos 2025 2025
CMR,fra_ind,1,Equato Medichos 2025 2025
GIN,fra_ind,1,Equato Medichos 2025 2025
COG,fra_ind,1,Equato Medichos 2025 2025
DJI,naval,6,Africa-India Key Maritime Engagement (Aikeyme) 2025; ALDABRA III 2024; ASPIDES–Djibouti Coast Guard common exercise 2026; Cutlass Express 2026 +2 more
EGY,naval,6,Bridge of friendship 2025; Cleopatra 24 2024; Cutlass Express 2026; Friendship Sea 2025 +2 more
SEN,naval,6,Corymbe 2026; Cutlass Express 2026; Furor–Niani counter-piracy exercise 2024; Obangame Express 2026 +2 more
GGU,naval,6,Furor–Nigerian Navy bilateral exercise 2024; Furor–Nigerian Navy joint exercises 2026; Grand African NEMO 2026; Meteoro–DB Abuja PASSEX 2024 +2 more
SYC,naval,5,Africa-India Key Maritime Engagement (Aikeyme) 2025; ALDABRA III 2024; ALDABRA IV 2025; ALDABRA V – phase 1 2026 +1 more
GAD,naval,5,Africa-India Key Maritime Engagement (Aikeyme) 2025; ASPIDES–Djibouti Coast Guard common exercise 2026; ATALANTA–Japan joint exercise 2024; International Maritime Exercise (IMX) 2025 +1 more
KEN,naval,4,Africa-India Key Maritime Engagement (Aikeyme) 2025; Cutlass Express 2026; USALAMA BAHARINI I 2024; USALAMA BAHARINI II 2025
MAR,naval,4,Cutlass Express 2026; Obangame Express 2025; Phoenix Express 2026; Reina Sofía–Tarik Ben Ziyad joint exercise 2025
NGA,naval,4,Furor–Nigerian Navy bilateral exercise 2024; Furor–Nigerian Navy joint exercises 2026; Meteoro–DB Abuja PASSEX 2024; Obangame Express 2025
ZAF,naval,3,Africa-India Key Maritime Engagement (Aikeyme) 2025; IBSAMAR VIII 2024; Will for Peace 2026
TZA,naval,2,Africa-India Key Maritime Engagement (Aikeyme) 2025; Cutlass Express 2026
COM,naval,2,Africa-India Key Maritime Engagement (Aikeyme) 2025; Cutlass Express 2026
MDG,naval,2,Africa-India Key Maritime Engagement (Aikeyme) 2025; Cutlass Express 2026
MUS,naval,2,Africa-India Key Maritime Engagement (Aikeyme) 2025; Cutlass Express 2026
MOZ,naval,2,Africa-India Key Maritime Engagement (Aikeyme) 2025; Cutlass Express 2026
TUN,naval,2,Cutlass Express 2026; Phoenix Express 2026
MWI,naval,1,Cutlass Express 2026
SOM,naval,1,Cutlass Express 2026
AGO,naval,1,Obangame Express 2025
BEN,naval,1,Obangame Express 2025
CPV,naval,1,Obangame Express 2025
CMR,naval,1,Obangame Express 2025
CIV,naval,1,Obangame Express 2025
COD,naval,1,Obangame Express 2025
GAB,naval,1,Obangame Express 2025
GMB,naval,1,Obangame Express 2025
GHA,naval,1,Obangame Express 2025
GNB,naval,1,Obangame Express 2025
LBR,naval,1,Obangame Express 2025
NAM,naval,1,Obangame Express 2025
COG,naval,1,Obangame Express 2025
STP,naval,1,Obangame Express 2025
DZA,naval,1,Phoenix Express 2026
RSE,naval,1,International Maritime Exercise (IMX) 2025
