actor,year,value_usd_bn,share_pct
CHN,2019,0.579682823,2.802157819428174
CHN,2020,0.441910901,1.9342360122367952
CHN,2021,0.44781478,1.6871072156810412
CHN,2022,0.346013586,1.1293266103413049
CHN,2023,0.293586417,1.1180777803955908
CHN,2024,0.286674179,0.9967337984859314
EU,2019,4.15692583,20.094371882600107
EU,2020,5.454586193,23.87462500353709
EU,2021,5.813676906,21.9025737778258
EU,2022,9.780751496,31.922627840307772
EU,2023,7.304341211,27.817436827967835
EU,2024,5.998133374,20.854833464761597
GCC,2019,0.021253421,0.10273797580638157
GCC,2020,0.02751843,0.12044766984876301
GCC,2021,0.051672327,0.19467145709824557
GCC,2022,0.062666089,0.20453093386256954
GCC,2023,0.046892123,0.17858128907195675
GCC,2024,0.110366813,0.3837329651802246
IND,2019,1.418470437,6.856815259932671
IND,2020,2.350290398,10.287178516616748
IND,2021,3.23337035,12.181470313360657
IND,2022,4.008104447,13.081737805013299
IND,2023,3.843941833,14.639049028655842
IND,2024,4.520282084,15.716511153985802
IRN,2019,2.3066e-5,1.114998921797106e-4
IRN,2020,1.1497e-5,5.0322160830077456e-5
IRN,2021,0,0
IRN,2022,0,0
IRN,2023,1.539e-5,5.861039899638185e-5
IRN,2024,0,0
ISR,2019,2.86322e-4,0.001384066250267888
ISR,2020,2.478e-6,1.0846161132202481e-5
ISR,2021,2.7793e-5,1.0470795726175714e-4
ISR,2022,1.2198e-5,3.981209568153557e-5
ISR,2023,1.10759e-4,4.2180826396622857e-4
ISR,2024,1.0054e-5,3.495662443312536e-5
JPN,2019,0.016470312,0.07961666574898958
JPN,2020,0.008444206,0.03696013676735714
JPN,2021,0.013828857,0.05209913891033537
JPN,2022,0.012495085,0.040781728116815866
JPN,2023,0.024932471,0.09495140177230148
JPN,2024,0.003234419,0.011245710189214731
KOR,2019,0.012073959,0.05836491488260845
KOR,2020,0.009731131,0.042592984190706486
KOR,2021,0.006700794,0.025244718158235476
KOR,2022,0.004362541,0.014238555476850457
KOR,2023,0.008470449,0.032258375280604525
KOR,2024,0.019701971,0.06850153181214715
RUS,2019,2.821641204,13.63967267908735
RUS,2020,3.697596772,16.184314120671413
RUS,2021,4.092536119,15.418310259434008
RUS,2022,2.446295859,7.984273225434682
RUS,2023,3.705284016,14.110992499849
RUS,2024,4.292446046,14.924350937883027
TUR,2019,0.03933977,0.1901664837151918
TUR,2020,0.033415406,0.14625862702742762
TUR,2021,0.077604583,0.29236920663766003
TUR,2022,0.041196319,0.1344574351332236
TUR,2023,0.326183379,1.2422181929290474
TUR,2024,0.264039674,0.9180361765926851
USA,2019,1.346694853,6.509855671051384
USA,2020,0.801677786,3.5089291537785874
USA,2021,1.450670462,5.465287688842136
USA,2022,1.537958827,5.019623214853764
USA,2023,0.896323291,3.413506544201435
USA,2024,0.659115518,2.291670342229051
other,2019,7.007624461,33.87450671279817
other,2020,6.856089565,30.0089798865222
other,2021,7.453410553,28.080142253008084
other,2022,9.583263489,31.27806222048159
other,2023,7.456404317,28.396545295497994
other,2024,8.787952731,30.554720822918775
