geo,actor,period,value_usd_bn,share_pct
Africa,CHN,2019–21,194.7090351783333,19.02245824357801
Africa,CHN,2022–24,254.9281997496667,19.25959811635126
Africa,EU,2019–21,276.4976756846667,27.01295029961315
Africa,EU,2022–24,365.090814979,27.58228544104364
Africa,GCC,2019–21,68.62984312,6.7049190799892715
Africa,GCC,2022–24,86.20056119866666,6.512375514833302
Africa,IND,2019–21,60.82779721633333,5.942683818122527
Africa,IND,2022–24,82.54232357,6.235998924831018
Africa,IRN,2019–21,0.556648488,0.05438280051890025
Africa,IRN,2022–24,0.33780696,0.02552101453230795
Africa,ISR,2019–21,1.135525272333333,0.1109372354380195
Africa,ISR,2022–24,3.686075757,0.27847973576857327
Africa,JPN,2019–21,16.98258451466667,1.6591449107762268
Africa,JPN,2022–24,18.75287377933333,1.416762888026057
Africa,KOR,2019–21,15.99223431533333,1.5623908218040181
Africa,KOR,2022–24,23.11455371633333,1.746283917010933
Africa,RUS,2019–21,14.84125593166667,1.449943866158087
Africa,RUS,2022–24,11.59793646833333,0.8762137557885703
Africa,TUR,2019–21,23.58353111233333,2.30403656106455
Africa,TUR,2022–24,30.75321458,2.3233779322112387
Africa,USA,2019–21,49.991731644,4.884034409862702
Africa,USA,2022–24,63.43747919833334,4.792644972482651
Africa,other,2019–21,299.826654996,29.29211795307454
Africa,other,2022–24,383.2005237603333,28.950457787120442
North Africa,CHN,2019–21,33.87621441766667,10.55762050048567
North Africa,CHN,2022–24,40.51171607833334,9.729480765351182
North Africa,EU,2019–21,143.024623879,44.574038956126934
North Africa,EU,2022–24,194.5815754066667,46.73160948181636
North Africa,GCC,2019–21,19.893432298,6.199845887882265
North Africa,GCC,2022–24,25.519307814,6.128834780568098
North Africa,IND,2019–21,8.615022201,2.684896661711517
North Africa,IND,2022–24,10.94502990733333,2.628608912880546
North Africa,IRN,2019–21,0.104167478,0.03246409671569317
North Africa,IRN,2022–24,0.01962873933333333,0.004714128659039905
North Africa,ISR,2019–21,0.2099305413333333,0.06542546222942208
North Africa,ISR,2022–24,2.600411777333334,0.6245268978642148
North Africa,JPN,2019–21,2.410994639333333,0.7513934738089282
North Africa,JPN,2022–24,2.164758430333333,0.5198983787513373
North Africa,KOR,2019–21,4.712842074666667,1.468770904847737
North Africa,KOR,2022–24,6.671972436666667,1.602371703138482
North Africa,RUS,2019–21,9.322454368333334,2.905369948970154
North Africa,RUS,2022–24,6.612686891666667,1.588133412945454
North Africa,TUR,2019–21,15.111720958,4.709611676698935
North Africa,TUR,2022–24,20.10438063133333,4.828360869078835
North Africa,USA,2019–21,16.01454979066667,4.990980901567824
North Africa,USA,2022–24,20.32924541566667,4.88236543382612
North Africa,other,2019–21,67.573834406,21.05958152895493
North Africa,other,2022–24,86.320356082,20.731095235120332
West Africa,CHN,2019–21,51.11541851,21.03893841167424
West Africa,CHN,2022–24,68.543013195,22.04649821571834
West Africa,EU,2019–21,55.00963362066667,22.641784563840613
West Africa,EU,2022–24,69.85498150666666,22.46848589460766
West Africa,GCC,2019–21,14.04896403966667,5.782507466324434
West Africa,GCC,2022–24,15.93795912366667,5.1263603831140125
West Africa,IND,2019–21,21.12131803266667,8.693465146445469
West Africa,IND,2022–24,23.63802312333333,7.603045304254183
West Africa,IRN,2019–21,0.1905976073333333,0.07844934931549033
West Africa,IRN,2022–24,0.07442924833333334,0.02393977466251498
West Africa,ISR,2019–21,0.1822135583333333,0.07499850227768412
West Africa,ISR,2022–24,0.2305738256666667,0.07416285335588854
West Africa,JPN,2019–21,3.778657666666667,1.555283087670462
West Africa,JPN,2022–24,4.128837962333333,1.32801892602253
West Africa,KOR,2019–21,4.983234879,2.051083112812176
West Africa,KOR,2022–24,8.453548845333334,2.719039342564595
West Africa,RUS,2019–21,2.537650535333333,1.044488627492804
West Africa,RUS,2022–24,2.842187681666667,0.9141746580988023
West Africa,TUR,2019–21,3.826710847666666,1.5750616191784501
West Africa,TUR,2022–24,4.389256635333333,1.411781216911327
West Africa,USA,2019–21,10.92867754533333,4.498207791301428
West Africa,USA,2022–24,14.08622786466667,4.530760802725105
West Africa,other,2019–21,75.23318601533333,30.96573232166675
West Africa,other,2022–24,98.72300322766667,31.753732627965043
Central Africa,CHN,2019–21,21.24322019633333,33.78564023713735
Central Africa,CHN,2022–24,35.65231908433334,38.98394371484998
Central Africa,EU,2019–21,10.894339472,17.3265743432706
Central Africa,EU,2022–24,17.470997727,19.10362101328017
Central Africa,GCC,2019–21,4.740244267,7.538978834699353
Central Africa,GCC,2022–24,5.074341719666666,5.548526914097077
Central Africa,IND,2019–21,3.130856356333333,4.979376267421566
Central Africa,IND,2022–24,4.567948631333334,4.994812593116186
Central Africa,IRN,2019–21,0.010841839,0.01724307654760315
Central Africa,IRN,2022–24,0.002494122,0.002727191783400566
Central Africa,ISR,2019–21,0.035286077,0.056119679214533535
Central Africa,ISR,2022–24,0.09101761233333333,0.09952299225948237
Central Africa,JPN,2019–21,0.2909912436666667,0.46279826597928403
Central Africa,JPN,2022–24,0.4908728926666667,0.5367437998520527
Central Africa,KOR,2019–21,1.251102702666667,1.989778640966216
Central Africa,KOR,2022–24,1.616304221,1.7673440156443239
Central Africa,RUS,2019–21,0.4803607316666667,0.7639752690102659
Central Africa,RUS,2022–24,0.2236137526666667,0.2445099273122565
Central Africa,TUR,2019–21,0.6278982463333334,0.9986218690050137
Central Africa,TUR,2022–24,1.049416535666667,1.147482021101943
Central Africa,USA,2019–21,1.76636861,2.80926779612881
Central Africa,USA,2022–24,1.936192679,2.117125291084048
Central Africa,other,2019–21,18.40496691266667,29.27162572061941
Central Africa,other,2022–24,23.27833531966667,25.453640525619083
East Africa and HoA,CHN,2019–21,21.036445821,22.87412091425243
East Africa and HoA,CHN,2022–24,26.85056378366667,23.77493995734986
East Africa and HoA,EU,2019–21,9.333310273666667,10.14863772838301
East Africa and HoA,EU,2022–24,10.15354951066667,8.990501350922244
East Africa and HoA,GCC,2019–21,16.00581386733333,17.40402940913699
East Africa and HoA,GCC,2022–24,16.860524547,14.92921943777554
East Africa and HoA,IND,2019–21,8.795852212333333,9.564229088925211
East Africa and HoA,IND,2022–24,13.99262244333333,12.38982395738309
East Africa and HoA,IRN,2019–21,0.160554055,0.1745795320461104
East Africa and HoA,IRN,2022–24,0.1545587366666667,0.1368546565256533
East Africa and HoA,ISR,2019–21,0.2003824986666667,0.2178872582661149
East Africa and HoA,ISR,2022–24,0.2052901003333333,0.1817749470211243
East Africa and HoA,JPN,2019–21,1.899369258666667,2.065291943954915
East Africa and HoA,JPN,2022–24,2.228669665666667,1.973384540931834
East Africa and HoA,KOR,2019–21,0.967188416,1.051678832189562
East Africa and HoA,KOR,2022–24,1.179384942333333,1.044291152189299
East Africa and HoA,RUS,2019–21,1.176256020333333,1.279009898542977
East Africa and HoA,RUS,2022–24,0.849945645,0.7525877981444198
East Africa and HoA,TUR,2019–21,1.981183112,2.154252787888894
East Africa and HoA,TUR,2022–24,2.401110679666667,2.126073132019387
East Africa and HoA,USA,2019–21,3.336977097333333,3.628484500756092
East Africa and HoA,USA,2022–24,4.193112634,3.71280848741052
East Africa and HoA,other,2019–21,27.07280630633333,29.43779810565769
East Africa and HoA,other,2022–24,33.86707780033333,29.98774058232703
Southern Africa and Indian Ocean,CHN,2019–21,67.43773623333334,22.11756048548877
Southern Africa and Indian Ocean,CHN,2022–24,83.37058760833334,21.2696897857319
Southern Africa and Indian Ocean,EU,2019–21,58.23576843933333,19.099590271228887
Southern Africa and Indian Ocean,EU,2022–24,73.029710828,18.631502296116757
Southern Africa and Indian Ocean,GCC,2019–21,13.941388648,4.5723585027670985
Southern Africa and Indian Ocean,GCC,2022–24,22.80842799433333,5.8189368919739035
Southern Africa and Indian Ocean,IND,2019–21,19.164748414,6.2854642802541845
Southern Africa and Indian Ocean,IND,2022–24,29.39869946466667,7.500261610905573
Southern Africa and Indian Ocean,IRN,2019–21,0.09048750866666666,0.029677196446682468
Southern Africa and Indian Ocean,IRN,2022–24,0.08669611366666667,0.022118105392053562
Southern Africa and Indian Ocean,ISR,2019–21,0.507712597,0.1665145466113911
Southern Africa and Indian Ocean,ISR,2022–24,0.5587824413333333,0.14255781955992772
Southern Africa and Indian Ocean,JPN,2019–21,8.602571706333332,2.821386224876505
Southern Africa and Indian Ocean,JPN,2022–24,9.739734828333333,2.484822817456451
Southern Africa and Indian Ocean,KOR,2019–21,4.077866243,1.337418162573268
Southern Africa and Indian Ocean,KOR,2022–24,5.193343271,1.324937288962409
Southern Africa and Indian Ocean,RUS,2019–21,1.324534276,0.43440762695786966
Southern Africa and Indian Ocean,RUS,2022–24,1.069502497333333,0.2728538564489112
Southern Africa and Indian Ocean,TUR,2019–21,2.036017948333333,0.6677529916780455
Southern Africa and Indian Ocean,TUR,2022–24,2.809050098,0.7166511103139651
Southern Africa and Indian Ocean,USA,2019–21,17.94515860066667,5.885475298261147
Southern Africa and Indian Ocean,USA,2022–24,22.892700605,5.840436707889013
Southern Africa and Indian Ocean,other,2019–21,111.5418613556667,36.582394412856154
Southern Africa and Indian Ocean,other,2022–24,141.0117513306667,35.97523170924914
